type,fixed acidity,volatile acidity,citric acid,residual sugar,chlorides,free sulfur dioxide,total sulfur dioxide,density,pH,sulphates,alcohol,quality
1,7.9,0.18,0.37,1.2,0.04,16.0,75.0,0.992,3.18,0.63,10.8,2
1,6.6,0.17,0.38,1.5,0.032,28.0,112.0,0.9914,3.25,0.55,11.4,3
1,6.840875820292764,0.66,0.48,1.2,0.028999999999999998,29.0,75.0,0.9892,3.33,0.39,12.8,4
1,6.2,0.66,0.48,1.2,0.028999999999999998,29.0,75.0,0.9892,3.33,0.39,12.8,4
1,6.8,0.26,0.42,1.7,0.049,41.0,122.0,0.993,3.47,0.48,10.5,4
1,7.0,0.25,0.32,9.0,0.046,56.0,245.0,0.9955,3.25,0.5,10.4,2
1,7.4,0.25,0.36,2.05,0.05,31.0,100.0,0.992,3.19,0.44,10.8,2
1,6.5,0.39,0.23,5.4,0.051,25.0,149.0,0.9934,3.24,0.35,10.0,2
1,7.3,0.24,0.39,17.95,0.057,45.0,149.0,0.9999,3.21,0.36,8.6,2
1,6.6,0.24,0.27,1.4,0.057,33.0,152.0,0.9934,3.22,0.56,9.5,2
1,6.7,0.23,0.26,1.4,0.06,33.0,154.0,0.9934,3.24,0.56,9.5,2
1,6.2,0.45,0.26,4.4,0.063,63.0,206.0,0.9940000000000001,3.27,0.52,9.8,1
1,6.8,0.22,0.24,4.9,0.092,30.0,123.0,0.9951,3.03,0.46,8.6,2
1,6.2,0.35,0.03,1.2,0.064,29.0,120.0,0.9934,3.22,0.54,9.1,2
1,6.4,0.26,0.24,6.4,0.04,27.0,124.0,0.9903,3.22,0.49,12.6,3
1,6.7,0.23,0.31,2.1,0.046,30.0,96.0,0.9926,3.33,0.64,10.7,4
1,7.1,0.18,0.36,1.4,0.043,31.0,87.0,0.9898,3.26,0.37,12.7,3
1,6.9,0.24,0.33,1.7,0.035,47.0,136.0,0.99,3.26,0.4,12.6,3
1,6.9,0.21,0.33,1.8,0.034,48.0,136.0,0.9899,3.25,0.41,12.6,3
1,7.5,0.17,0.32,1.7,0.04,51.0,148.0,0.9916,3.21,0.44,11.5,3
1,8.6,0.265,0.36,1.2,0.034,15.0,80.0,0.9913,2.95,0.36,11.4,3
1,9.8,0.36,0.46,10.5,0.04589516129032287,4.0,83.0,0.9956,2.89,0.3,10.1,1
1,5.5,0.485,0.0,1.5,0.065,8.0,103.0,0.9940000000000001,3.63,0.4,9.7,1
1,7.4,0.39,0.23,7.0,0.033,29.0,126.0,0.9940000000000001,3.14,0.42,10.5,2
1,7.9,0.21,0.4,1.2,0.039,38.0,107.0,0.992,3.21,0.54,10.8,2
1,6.4,0.595,0.14,5.2,0.057999999999999996,15.0,97.0,0.9951,3.38,0.36,9.0,1
1,7.9,0.22,0.38,8.0,0.043,46.0,152.0,0.9934,3.12,0.32,11.5,3
1,5.2,0.44,0.04,1.4,0.036000000000000004,43.0,119.0,0.9894,3.36,0.33,12.1,4
1,6.7,0.46,0.18,2.4,0.034,25.0,98.0,0.9896,3.08,0.44,12.6,3
1,7.6,0.48,0.37,0.8,0.037000000000000005,4.0,100.0,0.9902,3.03,0.39,11.4,1
1,6.3,0.22,0.43,4.55,0.038,31.0,130.0,0.9918,3.35,0.33,11.5,3
1,7.2,0.32,0.47,5.1,0.044000000000000004,19.0,65.0,0.991,3.03,0.41,12.6,1
1,6.0,0.67,0.07,1.2,0.06,9.0,108.0,0.9931,3.11,0.35,8.7,1
1,6.8,0.53,0.35,3.8,0.034,26.0,109.0,0.9906,3.26,0.57,12.7,4
1,6.5,0.28,0.28,8.5,0.047,54.0,210.0,0.9962,3.09,0.54,8.9,1
1,6.4,0.29,0.44,3.6,0.2,75.0,181.0,0.9942,3.02,0.41,9.1,2
1,5.8,0.28,0.35,2.3,0.053,36.0,114.0,0.9924,3.28,0.5,10.2,1
1,10.2,0.44,0.88,6.2,0.049,20.0,124.0,0.9968,2.99,0.51,9.9,1
1,6.8,0.64,0.08,9.7,0.062,26.0,142.0,0.9972,3.37,0.46,8.9,1
1,5.9,0.21,0.28,4.6,0.053,40.0,199.0,0.9964,3.72,0.7,10.0,1
1,8.5,0.26,0.21,16.2,0.07400000000000001,41.0,197.0,0.998,3.02,0.5,9.8,1
1,5.8,0.24,0.44,3.5,0.028999999999999998,5.0,109.0,0.9913,3.53,0.43,11.7,1
1,6.7,0.26,0.39,1.1,0.04,45.0,147.0,0.9935,3.32,0.58,9.6,4
1,5.8,0.36,0.38,0.9,0.037000000000000005,3.0,75.0,0.9904,3.28,0.34,11.4,1
1,6.7,0.2,0.41,9.1,0.044000000000000004,50.0,166.0,0.9954,3.14,0.58,9.8,2
1,6.8,0.32,0.34,1.2,0.044000000000000004,14.0,67.0,0.9919,3.05,0.47,10.6,1
1,7.0,0.3,0.49,4.7,0.036000000000000004,17.0,105.0,0.9916,3.26,0.68,12.4,3
1,7.0,0.24,0.36,2.8,0.034,22.0,112.0,0.99,3.19,0.38,12.6,4
1,6.1,0.31,0.58,5.0,0.039,36.0,114.0,0.9909,3.3,0.6,12.3,4
1,6.8,0.44,0.37,5.1,0.047,46.0,201.0,0.9938,3.08,0.65,10.5,1
1,6.7,0.34,0.3,15.6,0.054000000000000006,51.0,196.0,0.9982,3.19,0.49,9.3,2
1,7.2,0.23,0.39,14.2,0.057999999999999996,49.0,192.0,0.9979,2.98,0.48,9.0,3
1,9.1,0.59,0.38,1.6,0.066,34.0,182.0,0.9968,3.23,0.38,8.5,1
1,5.0,0.55,0.14,8.3,0.032,35.0,164.0,0.9918,3.53,0.51,12.5,4
1,6.4,0.32,0.35,4.8,0.03,34.0,101.0,0.9912,3.36,0.6,12.5,4
1,7.6,0.17,0.45,11.2,0.054000000000000006,56.0,137.0,0.997,3.15,0.47,10.0,2
1,7.3,0.28,0.36,12.7,0.04,38.0,140.0,0.998,3.3,0.79,9.6,2
1,6.9,0.23,0.38,8.3,0.047,47.0,162.0,0.9954,3.34,0.52,10.5,3
1,6.8,0.29,0.5,13.3,0.053,48.0,194.0,0.9974,3.09,0.45,9.4,2
1,7.2,0.55,0.09,1.5,0.10800000000000001,16.0,151.0,0.9938,3.07,0.57,9.2,1
1,7.0,0.23,0.36,7.1,0.027999999999999997,31.0,104.0,0.9922,3.35,0.47,12.1,4
1,6.6,0.16,0.32,1.4,0.035,49.0,186.0,0.9906,3.35,0.64,12.4,4
1,6.7,0.22,0.37,1.6,0.027999999999999997,24.0,102.0,0.9913,3.1953091092606556,0.59,11.6,3
1,6.0,0.25,0.28,2.2,0.026000000000000002,54.0,126.0,0.9898,3.43,0.65,12.9,4
1,7.1,0.32,0.32,11.0,0.038,16.0,66.0,0.9937,3.24,0.4,11.5,1
1,5.9,0.46,0.14,2.7,0.042,27.0,160.0,0.9931,3.46,0.51,10.6,3
1,6.4,0.41,0.24,14.0,0.048,24.0,113.0,0.9982,3.44,0.53,9.8,2
1,6.6,0.24,0.29,2.0,0.023,19.0,86.0,0.99,3.25,0.45,12.5,2
1,7.0,0.17,0.31,4.8,0.034,34.0,132.0,0.9944,3.36,0.48,9.6,3
1,7.2,0.4,0.62,10.8,0.040999999999999995,70.0,189.0,0.9976,3.08,0.49,8.6,1
1,6.0,0.24,0.27,1.9,0.048,40.0,170.0,0.9938,3.64,0.54,10.0,3
1,7.2,0.31,0.46,5.0,0.04,3.0,29.0,0.9906,3.04,0.53,12.5,1
1,7.9,0.345,0.51,15.3,0.047,54.0,171.0,0.9987,3.09,0.51,9.1,2
1,6.7,0.31,0.31,9.9,0.04,10.0,175.0,0.9953,3.46,0.55,11.4,1
1,7.2,0.34,0.44,4.2,0.047,51.0,144.0,0.991,3.01,0.76,12.3,2
1,6.0,0.38,0.26,6.0,0.034,42.0,134.0,0.9912,3.38,0.38,12.3,3
1,5.9,0.27,0.29,11.4,0.036000000000000004,31.0,115.0,0.9949,3.35,0.48,10.5,4
1,6.5,0.36,0.28,3.2,0.037000000000000005,29.0,119.0,0.9908,3.25,0.65,12.4,4
1,7.8,0.32,0.33,2.4,0.037000000000000005,18.0,101.0,0.9912,3.21,0.65,11.7,3
1,6.2,0.24,0.29,13.3,0.039,49.0,130.0,0.9952,3.33,0.46,11.0,4
1,7.6,0.56,0.12,10.4,0.096,22.0,177.0,0.9983,3.32,0.45,9.1,1
1,6.2,0.17,0.28,4.7,0.037000000000000005,39.0,133.0,0.9931,3.41,0.46,10.8,3
1,5.6,0.35,0.14,5.0,0.046,48.0,198.0,0.9937,3.3,0.71,10.3,2
1,6.1,0.28,0.25,12.9,0.054000000000000006,34.0,189.0,0.9979,3.25,0.43,9.0,1
1,6.5,0.33,0.72,1.1,0.061,7.0,151.0,0.993,3.09,0.57,9.5,1
1,6.8,0.29,0.16,1.4,0.038,122.5,234.5,0.9922,3.15,0.47,10.0,1
1,7.0,0.57,0.1,8.3,0.094,23.0,188.0,0.9972,3.4,0.47,9.2,1
1,7.8,0.28,0.22,1.4,0.055999999999999994,24.0,130.0,0.9944,3.28,0.48,9.5,2
1,7.1,0.32,0.34,14.5,0.039,46.0,150.0,0.995,3.38,0.5,12.5,4
1,5.7,0.32,0.38,4.75,0.033,23.0,94.0,0.991,3.42,0.42,11.8,3
1,6.8,0.22,0.35,5.5,0.043,21.0,114.0,0.9938,3.3,0.53,10.7,3
1,6.8,0.67,0.3,13.0,0.29,22.0,193.0,0.9984,3.08,0.67,9.0,1
1,6.7,0.17,0.37,2.0,0.039,34.0,125.0,0.9922,3.26,0.6,10.8,3
1,6.9,0.2,0.34,1.9,0.043,25.0,136.0,0.9935,3.31,0.6,10.1,1
1,5.9,0.34,0.22,2.4,0.03,19.0,135.0,0.9894,3.41,0.78,13.9,3
1,6.6,0.38,0.18,1.2,0.042,20.0,84.0,0.9927,3.22,0.45,10.1,1
1,8.6,0.27,0.46,6.1,0.032,13.0,41.0,0.993,2.89,0.34,10.9,2
1,6.2,0.31,0.21,6.3,0.040999999999999995,50.0,218.0,0.9941,3.15,0.6,10.0,2
1,8.2,0.27,0.43,1.6,0.035,31.0,128.0,0.9916,3.1,0.5,12.3,2
1,6.6,0.33,0.31,1.3,0.02,29.0,89.0,0.99035,3.26,0.44,12.4,4
1,6.4,0.24,0.31,2.8,0.038,41.0,114.0,0.99155,3.37,0.66,11.7,3
1,7.0,0.21,0.34,8.0,0.057,19.0,101.0,0.9954,2.99,0.59,9.4,2
1,8.8,0.28,0.45,6.0,0.022000000000000002,14.0,49.0,0.9934,3.01,0.33,11.1,3
1,6.9,0.39,0.4,4.6,0.022000000000000002,5.0,19.0,0.9915,3.31,0.37,12.6,1
1,5.8,0.25,0.28,11.1,0.055999999999999994,45.0,175.0,0.99755,3.42,0.43,9.5,2
1,7.1,0.14,0.4,1.2,0.051,55.0,136.0,0.9932,3.3,0.96,9.8,3
1,6.7,0.11,0.34,8.8,0.043,41.0,113.0,0.9962,3.42,0.4,9.3,3
1,6.6,0.21,0.6,1.1,0.135,61.0,144.0,0.9927,3.12,0.39,9.3,3
1,9.1,0.27,0.45,10.6,0.035,28.0,124.0,0.997,3.2,0.46,10.4,4
1,8.1,0.17,0.44,14.1,0.053,43.0,145.0,1.0006,3.28,0.75,8.8,4
1,6.0,0.395,0.0,1.4,0.042,7.0,55.0,0.99135,3.37,0.38,11.2,1
1,6.0,0.18,0.31,1.4,0.036000000000000004,14.0,75.0,0.99085,3.34,0.58,11.1,4
1,6.0,0.39,0.17,12.0,0.046,65.0,246.0,0.9976,3.15,0.38,9.0,2
1,6.0,0.41,0.05,1.5,0.063,17.0,120.0,0.9932,3.21,0.56,9.2,2
1,6.6,0.36,0.29,1.6,0.021,24.0,85.0,0.98965,3.41,0.61,12.4,4
1,6.8,0.25,0.38,8.1,0.046,24.0,155.0,0.9956,3.33,0.59,10.2,2
1,7.4,0.24,0.36,2.0,0.031,27.0,139.0,0.99055,3.28,0.48,12.5,4
1,7.1,0.16,0.36,10.7,0.044000000000000004,20.0,90.0,0.9959,3.16,0.44,10.9,3
1,7.4,0.17,0.4,5.5,0.037000000000000005,34.0,161.0,0.9935,3.05,0.62,11.5,1
1,7.3,0.3,0.34,2.7,0.044000000000000004,34.0,108.0,0.99105,3.36,0.53,12.8,4
1,7.5,0.42,0.34,4.3,0.04,34.0,108.0,0.99155,3.14,0.45,12.8,4
1,7.3,0.25,0.36,2.1,0.034,30.0,177.0,0.99085,3.25,0.4,11.9,4
1,7.6,0.33,0.35,6.3,0.036000000000000004,12.0,126.0,0.9924,3.16,0.39,12.0,3
1,7.3,0.21,0.29,1.6,0.034,29.0,118.0,0.9917,3.3,0.5,11.0,4
1,6.7,0.22,0.39,10.2,0.038,60.0,149.0,0.99725,3.17,0.54,10.0,3
1,8.1,0.27,0.35,1.7,0.03,38.0,103.0,0.99255,3.22,0.63,10.4,4
1,7.3,0.25,0.42,14.2,0.040999999999999995,57.0,182.0,0.9996,3.29,0.75,9.1,3
1,7.8,0.18,0.46,12.6,0.042,41.0,143.0,1.0,3.24,0.76,8.5,4
1,10.3,0.17,0.47,1.4,0.037000000000000005,5.0,33.0,0.9939,2.89,0.28,9.6,1
1,7.1,0.21,0.32,2.2,0.037000000000000005,28.0,141.0,0.993,3.2,0.57,10.0,3
1,6.9,0.36,0.34,4.2,0.018000000000000002,57.0,119.0,0.9898,3.28,0.36,12.7,4
1,6.9,0.12,0.36,2.2,0.037000000000000005,18.0,111.0,0.9919,3.41,0.82,11.9,4
1,8.8,0.36,0.44,1.9,0.04,9.0,121.0,0.9953,3.19,0.48,9.9,2
1,7.4,0.26,0.43,6.0,0.022000000000000002,22.0,125.0,0.9928,3.13,0.55,11.5,2
1,6.1,0.34,0.27,2.6,0.024,20.0,105.0,0.9906,3.4,0.67,12.2,3
1,7.0,0.31,0.29,1.4,0.037000000000000005,33.0,128.0,0.9896,3.12,0.36,12.2,3
1,6.6,0.2,0.38,7.9,0.052000000000000005,30.0,145.0,0.9947,3.32,0.56,11.0,3
1,6.9,0.21,0.28,2.4,0.055999999999999994,49.0,159.0,0.9944,3.02,0.47,8.8,4
1,8.4,0.19,0.42,1.6,0.047,9.0,101.0,0.9940000000000001,3.06,0.65,11.1,1
1,8.3,0.27,0.45,1.3,0.048,8.0,72.0,0.9944,3.08,0.61,10.3,1
1,7.1,0.25,0.39,2.1,0.036000000000000004,30.0,124.0,0.9908,3.28,0.43,12.2,4
1,8.0,0.23,0.37,9.6,0.054000000000000006,23.0,159.0,0.99795,3.32,0.47,9.8,1
1,8.0,0.32,0.26,1.2,0.05,11.5,88.0,0.9946,3.24,0.37,9.5,1
1,8.6,0.18,0.4,1.1,0.04,20.0,107.0,0.9923,2.94,0.32,10.2,3
1,7.9,0.28,0.41,2.0,0.044000000000000004,50.0,152.0,0.9934,3.45,0.49,10.7,4
1,5.4,0.415,0.19,1.6,0.039,27.0,88.0,0.99265,3.54,0.41,10.0,3
1,6.8,0.705,0.25,3.2,0.048,10.0,57.0,0.996,3.36,0.52,9.5,1
1,6.5,0.17,0.33,1.4,0.027999999999999997,14.0,99.0,0.9928,3.23,0.55,10.1,2
1,6.6,0.23,0.32,0.9,0.040999999999999995,25.0,79.0,0.9926,3.39,0.54,10.2,3
1,5.5,0.42,0.09,1.6,0.019,18.0,68.0,0.9906,3.33,0.51,11.4,3
1,6.8,0.22,0.35,17.5,0.039,38.0,153.0,0.9994,3.1953091092606556,0.42,9.0,2
1,7.7,0.28,0.33,6.7,0.037000000000000005,32.0,155.0,0.9951,3.39,0.62,10.7,3
1,7.4,0.3,0.3,5.2,0.053,45.0,163.0,0.9941,3.12,0.45,10.3,2
1,8.2,0.26,0.44,1.3,0.046,7.0,69.0,0.9944,3.14,0.62,10.2,1
1,7.0,0.24,0.18,1.3,0.046,9.0,62.0,0.9940000000000001,3.38,0.47,10.1,1
1,7.6,0.39,0.22,2.8,0.036000000000000004,19.0,113.0,0.9926,3.03,0.29,10.2,2
1,6.8,0.19,0.32,7.05,0.019,54.0,188.0,0.9935,3.25,0.37,11.1,4
1,8.0,0.55,0.17,8.2,0.04,13.0,60.0,0.9956,3.09,0.3,9.5,1
1,7.0,0.24,0.35,1.5,0.052000000000000005,51.0,128.0,0.9941,3.41,0.59,10.4,3
1,6.3,0.6,0.44,11.0,0.05,50.0,245.0,0.9972,3.19,0.57,9.3,1
1,7.9,0.64,0.46,10.6,0.244,33.0,227.0,0.9983,2.87,0.74,9.1,1
1,8.2,0.68,0.3,2.1,0.047,17.0,138.0,0.995,3.22,0.71,10.8,1
1,7.3,0.49,0.32,5.2,0.043,18.0,104.0,0.9952,3.24,0.45,10.7,1
1,9.4,0.29,0.55,2.2,0.05,17.0,119.0,0.9962,3.12,0.69,10.3,1
1,5.3,0.3,0.2,1.1,0.077,48.0,166.0,0.9944,3.3,0.54,8.7,1
1,7.0,0.21,0.28,7.5,0.07,45.0,185.0,0.9966,3.34,0.55,9.4,2
1,8.0,0.37,0.32,1.6,0.04,32.0,166.0,0.992,3.0,0.55,11.3,3
1,8.2,0.29,0.33,9.1,0.036000000000000004,28.0,118.0,0.9953,2.96,0.4,10.9,3
1,7.8,0.26,0.44,1.3,0.037000000000000005,43.0,132.0,0.9944,3.18,0.65,10.0,2
1,6.8,0.15,0.33,4.7,0.059000000000000004,31.0,118.0,0.9956,3.43,0.39,9.0,3
1,6.3,0.27,0.25,5.8,0.038,52.0,155.0,0.995,3.28,0.38,9.4,2
1,5.2,0.24,0.45,3.8,0.027000000000000003,21.0,128.0,0.992,3.55,0.49,11.2,4
1,7.0,0.24,0.32,1.3,0.037000000000000005,39.0,123.0,0.992,3.17,0.42,11.2,4
1,7.0,0.17,0.33,4.0,0.034,17.0,127.0,0.9934,3.19,0.39,10.6,3
1,8.4,0.17,0.31,6.7,0.038,29.0,132.0,0.9945,3.1,0.32,10.6,3
1,5.3,0.24,0.33,1.3,0.033,25.0,97.0,0.9906,3.59,0.38,11.0,4
1,6.5,0.29,0.25,10.6,0.039,32.0,120.0,0.9962,3.31,0.34,10.1,2
1,6.3,0.16,0.4,1.6,0.033,59.0,148.0,0.9914,3.44,0.53,11.4,2
1,7.2,0.37,0.15,2.0,0.028999999999999998,27.0,87.0,0.9903,3.3,0.59,12.6,3
1,9.2,0.22,0.4,2.4,0.054000000000000006,18.0,151.0,0.9952,3.04,0.46,9.3,1
1,6.5,0.52,0.17,1.4,0.047,5.0,26.0,0.9932,3.26,0.32,10.0,1
1,7.0,0.15,0.38,2.2,0.047,33.0,96.0,0.9928,3.13,0.39,10.4,4
1,6.4,0.5,0.16,12.9,0.042,26.0,138.0,0.9974,3.28,0.33,9.0,2
1,6.3,0.55,0.45,13.0,0.047,33.0,182.0,0.9974,3.2,0.46,9.2,2
1,6.0,0.26,0.42,5.2,0.027000000000000003,70.0,178.0,0.9914,3.4,0.4,12.3,4
1,6.1,0.31,0.37,8.4,0.031,70.0,170.0,0.9934,3.42,0.4,11.7,4
1,9.3,0.34,0.49,7.3,0.052000000000000005,30.0,146.0,0.998,3.17,0.61,10.2,2
1,9.1,0.27,0.32,1.1,0.031,15.0,151.0,0.9936,3.03,0.41,10.6,2
1,6.9,0.32,0.17,7.6,0.042,69.0,219.0,0.9959,3.13,0.4,8.9,2
1,6.1,0.6,0.0,1.3,0.042,24.0,79.0,0.9937,3.31,0.38,9.4,1
1,7.9,0.16,0.3,4.8,0.037000000000000005,37.0,171.0,0.9967,3.47,0.44,9.0,1
1,7.6,0.33,0.36,2.1,0.034,26.0,172.0,0.9944,3.42,0.48,10.5,1
1,6.4,0.26,0.3,2.2,0.025,33.0,134.0,0.992,3.21,0.47,10.6,2
1,7.9,0.46,0.32,4.1,0.033,40.0,138.0,0.9912,3.18,0.44,12.8,3
1,6.6,0.21,0.38,2.2,0.026000000000000002,40.0,104.0,0.9914,3.25,0.4,11.1,4
1,6.9,0.25,0.26,5.2,0.024,36.0,135.0,0.9948,3.16,0.72,10.7,3
1,6.2,0.37,0.22,8.3,0.025,36.0,216.0,0.9964,3.33,0.6,9.6,2
1,7.0,0.17,0.37,1.5,0.027999999999999997,26.0,75.0,0.9922,3.3,0.46,10.8,3
1,8.2,0.37,0.36,1.0,0.034,17.0,93.0,0.9906,3.04,0.32,11.7,4
1,7.2,0.26,0.44,7.1,0.027000000000000003,25.0,126.0,0.993,3.02,0.34,11.1,4
1,6.4,0.23,0.33,1.15,0.044000000000000004,15.5,217.5,0.992,3.33,0.44,11.0,2
1,5.9,0.4,0.32,6.0,0.034,50.0,127.0,0.992,3.51,0.58,12.5,3
1,7.2,0.23,0.39,2.3,0.033,29.0,102.0,0.9908,3.26,0.54,12.3,3
1,8.3,0.33,0.42,1.15,0.033,18.0,96.0,0.9911,3.2,0.32,12.4,1
1,7.9,0.41,0.37,4.5,0.03,40.0,114.0,0.992,3.17,0.54,12.4,3
1,8.1,0.43,0.42,6.6,0.033,36.0,141.0,0.9918,2.98,0.39,13.3,3
1,8.0,0.66,0.72,17.55,0.042,62.0,233.0,0.9999,2.92,0.68,9.4,1
1,5.7,0.245,0.33,1.1,0.049,28.0,150.0,0.9927,3.13,0.42,9.3,2
1,7.3,0.25,0.41,1.8,0.037000000000000005,52.0,165.0,0.9911,3.29,0.39,12.2,3
1,6.9,0.31,0.34,7.4,0.059000000000000004,36.0,174.0,0.9963,3.46,0.62,11.1,3
1,7.5,0.28,0.34,4.2,0.027999999999999997,36.0,116.0,0.991,2.99,0.41,12.3,4
1,6.6,0.27,0.3,1.9,0.025,14.0,153.0,0.9928,3.29,0.62,10.5,2
1,8.0,0.45,0.36,8.8,0.026000000000000002,50.0,151.0,0.9927,3.07,0.25,12.7,4
1,6.9,0.39,0.22,4.3,0.03,10.0,102.0,0.993,3.0,0.87,11.6,1
1,6.9,0.41,0.22,4.2,0.031,10.0,102.0,0.993,3.0,0.86,11.6,1
1,7.3,0.34,0.39,5.2,0.04,45.0,163.0,0.9925,3.3,0.47,12.4,2
1,6.8,0.24,0.4,1.8,0.047,34.0,105.0,0.99,3.13,0.49,12.8,4
1,7.8,0.21,0.39,1.8,0.034,62.0,180.0,0.991,3.09,0.75,12.6,4
1,7.8,0.29,0.36,7.0,0.042,38.0,161.0,0.9941,3.26,0.37,11.2,4
1,7.3,0.23,0.37,1.9,0.040999999999999995,51.0,165.0,0.9908,3.26,0.4,12.2,4
1,7.3,0.39,0.37,1.1,0.043,36.0,113.0,0.991,3.39,0.48,12.7,4
1,9.2,0.35,0.39,0.9,0.042,15.0,61.0,0.9924,2.96,0.28,10.4,1
1,7.6,0.19,0.41,1.1,0.04,38.0,143.0,0.9907,2.92,0.42,11.4,2
1,6.8,0.35,0.32,2.4,0.048,35.0,103.0,0.9911,3.28,0.46,12.0,4
1,6.9,0.32,0.16,1.4,0.051,15.0,96.0,0.9940000000000001,3.22,0.38,9.5,1
1,7.0,0.14,0.41,0.9,0.037000000000000005,22.0,95.0,0.9914,3.25,0.43,10.9,2
1,6.9,0.28,0.3,1.6,0.047,46.0,132.0,0.9918,3.35,0.38,11.1,3
1,7.3,0.18,0.29,1.2,0.044000000000000004,12.0,143.0,0.9918,3.2,0.48,11.3,3
1,7.4,0.4,0.29,5.4,0.044000000000000004,31.0,122.0,0.9940000000000001,3.3,0.5,11.1,4
1,7.1,0.26,0.31,2.2,0.044000000000000004,29.0,128.0,0.9937,3.34,0.64,10.9,4
1,6.3,0.39,0.24,6.9,0.069,9.0,117.0,0.9942,3.15,0.35,10.2,1
1,8.2,0.22,0.36,6.8,0.034,12.0,90.0,0.9944,3.01,0.38,10.5,4
1,7.9,0.2,0.34,1.2,0.04,29.0,118.0,0.9932,3.14,0.41,10.6,2
1,6.9,0.3,0.33,4.1,0.035,26.0,155.0,0.9925,3.25,0.79,12.3,4
1,8.6,0.55,0.35,15.55,0.057,35.5,366.5,1.0001,3.04,0.63,11.0,1
1,9.2,0.28,0.49,11.8,0.042,29.0,137.0,0.998,3.1,0.34,10.1,1
1,9.8,0.25,0.74,10.0,0.055999999999999994,36.0,225.0,0.9977,3.06,0.43,10.0,1
1,7.0,0.39,0.24,1.0,0.048,8.0,119.0,0.9923,3.0,0.31,10.1,1
1,7.6,0.52,0.49,14.0,0.034,37.0,156.0,0.9958,3.14,0.38,11.8,3
1,8.0,0.44,0.49,9.1,0.031,46.0,151.0,0.9926,3.16,0.27,12.7,4
1,7.0,0.2,0.74,0.8,0.044000000000000004,19.0,163.0,0.9931,3.46,0.53,10.2,2
1,6.9,0.25,0.24,3.6,0.057,13.0,85.0,0.9942,2.99,0.48,9.5,1
1,7.5,0.32,0.24,4.6,0.053,8.0,134.0,0.9958,3.14,0.5,9.1,1
1,8.0,0.34,0.49,9.0,0.033,39.0,180.0,0.9936,3.13,0.38,12.3,4
1,7.7,0.35,0.49,8.65,0.033,42.0,186.0,0.9931,3.14,0.38,12.4,4
1,8.3,0.2,0.49,1.7,0.04,34.0,169.0,0.9938,3.05,0.37,10.1,2
1,7.0,0.17,0.74,12.8,0.045,24.0,126.0,0.9942,3.26,0.38,12.2,4
1,9.2,0.18,0.49,1.5,0.040999999999999995,39.0,130.0,0.9945,3.04,0.49,9.8,3
1,7.3,0.22,0.49,9.9,0.031,48.0,161.0,0.9937,3.01,0.28,11.2,2
1,8.1,0.3,0.49,8.1,0.037000000000000005,26.0,174.0,0.9943,3.1,0.3,11.2,3
1,6.0,0.17,0.49,1.0,0.034,26.0,106.0,0.992,3.21,0.42,9.8,2
1,7.1,0.53,0.24,0.8,0.028999999999999998,29.0,86.0,0.993,3.16,0.32,9.1,1
1,6.2,0.43,0.49,6.4,0.045,12.0,115.0,0.9963,3.27,0.57,9.0,1
1,8.8,0.35,0.49,1.0,0.036000000000000004,14.0,56.0,0.992,2.96,0.33,10.5,1
1,8.5,0.19,0.49,3.5,0.044000000000000004,29.0,117.0,0.9938,3.14,0.51,10.1,2
1,8.5,0.17,0.49,8.8,0.048,23.0,108.0,0.9947,2.88,0.34,10.5,1
1,7.1,0.64,0.49,1.8,0.05,17.0,128.0,0.9946,3.31,0.58,10.6,1
1,7.6,0.31,0.49,13.4,0.062,50.0,191.0,0.9989,3.22,0.53,9.0,1
1,7.1,0.26,0.49,2.2,0.032,31.0,113.0,0.9903,3.37,0.42,12.9,4
1,8.1,0.2,0.49,11.8,0.048,46.0,212.0,0.9968,3.09,0.46,10.0,3
1,8.0,0.29,0.49,11.7,0.035,40.0,131.0,0.9958,3.14,0.34,10.8,2
1,6.2,0.22,0.49,6.0,0.028999999999999998,31.0,128.0,0.9928,3.41,0.36,11.3,4
1,7.1,0.28,0.49,6.5,0.040999999999999995,28.0,111.0,0.9926,3.41,0.58,12.2,4
1,8.3,0.25,0.49,16.8,0.048,50.0,228.0,1.0001,3.03,0.52,9.2,2
1,7.3,0.19,0.49,15.55,0.057999999999999996,50.0,134.0,0.9998,3.42,0.36,9.1,3
1,7.5,0.24,0.49,9.4,0.048,50.0,149.0,0.9962,3.17,0.59,10.5,3
1,6.9,0.26,0.49,1.6,0.057999999999999996,39.0,166.0,0.9965,3.65,0.52,9.4,1
1,8.2,0.29,0.49,1.0,0.044000000000000004,29.0,118.0,0.9928,3.24,0.36,10.9,1
1,6.7,0.26,0.49,8.3,0.047,54.0,191.0,0.9954,3.23,0.4,10.3,2
1,6.7,0.21,0.49,1.4,0.047,30.0,114.0,0.9914,2.92,0.42,10.8,3
1,8.1,0.28,0.46,15.4,0.059000000000000004,32.0,177.0,1.0004,3.27,0.58,9.0,1
1,6.5,0.13,0.37,1.0,0.036000000000000004,48.0,114.0,0.9911,3.41,0.51,11.5,4
1,7.9,0.18,0.33,1.2,0.033,20.0,72.0,0.9922,3.12,0.38,10.5,3
1,7.0,0.35,0.3,6.5,0.027999999999999997,27.0,87.0,0.9936,3.4,0.42,11.4,3
1,6.6,0.26,0.31,4.8,0.138,41.0,168.0,0.9951,3.2,0.38,9.3,2
1,6.7,0.25,0.26,1.55,0.040999999999999995,118.5,216.0,0.9949,3.55,0.63,9.4,1
1,9.0,0.43,0.3,1.5,0.05,7.0,175.0,0.9951,3.11,0.45,9.7,1
1,8.5,0.32,0.36,14.9,0.040999999999999995,47.0,190.0,0.9982,3.08,0.31,10.0,2
1,6.5,0.27,0.19,4.2,0.046,6.0,114.0,0.9955,3.25,0.35,8.6,1
1,7.0,0.61,0.26,1.7,0.051,25.0,161.0,0.9946,3.36,0.6,10.6,1
1,6.5,0.18,0.34,1.6,0.04,43.0,148.0,0.9912,3.32,0.59,11.5,4
1,9.3,0.2,0.33,1.7,0.05,28.0,178.0,0.9954,3.16,0.43,9.0,1
1,6.9,0.16,0.3,9.6,0.057,50.0,185.0,0.9978,3.39,0.38,9.6,2
1,8.4,0.29,0.29,1.05,0.032,4.0,55.0,0.9908,2.91,0.32,11.4,1
1,6.7,0.16,0.28,2.5,0.046,40.0,153.0,0.9921,3.38,0.51,11.4,3
1,7.4,0.23,0.25,1.4,0.049,43.0,141.0,0.9934,3.42,0.54,10.2,3
1,6.9,0.29,0.23,8.6,0.055999999999999994,56.0,215.0,0.9967,3.17,0.44,8.8,2
1,7.7,0.43,0.28,4.5,0.046,33.0,102.0,0.9918,3.16,0.56,12.2,3
1,6.4,0.15,0.36,1.8,0.034,43.0,150.0,0.9922,3.42,0.69,11.0,4
1,6.1,0.32,0.37,1.8,0.051,13.0,200.0,0.9945,3.49,0.44,10.5,1
1,8.7,0.45,0.4,1.5,0.067,17.0,100.0,0.9957,3.27,0.57,10.1,2
1,7.8,0.2,0.24,1.6,0.026000000000000002,26.0,189.0,0.991,3.08,0.74,12.1,3
1,6.9,0.25,0.27,9.05,0.039,37.0,128.0,0.9936,3.27,0.34,11.3,4
1,7.6,0.3,0.22,10.2,0.049,57.0,191.0,0.9966,3.08,0.4,9.3,2
1,7.2,0.5,0.0,0.8,0.034,46.0,114.0,0.9932,3.19,0.34,9.2,1
1,7.2,0.24,0.29,2.2,0.037000000000000005,37.0,102.0,0.992,3.27,0.64,11.0,3
1,7.1,0.25,0.25,1.6,0.046,50.0,181.0,0.9925,3.2,0.42,11.0,3
1,6.4,0.18,0.31,1.6,0.049,36.0,127.0,0.9934,3.6,0.67,10.4,3
1,6.8,0.24,0.35,6.4,0.048,44.0,172.0,0.9944,3.29,0.55,10.5,3
1,10.0,0.91,0.42,1.6,0.055999999999999994,34.0,181.0,0.9968,3.11,0.46,10.0,1
1,7.4,0.21,0.27,7.3,0.031,41.0,144.0,0.9932,3.15,0.38,11.8,3
1,7.2,0.31,0.41,8.6,0.053,15.0,89.0,0.9976,3.29,0.64,9.9,2
1,7.9,0.37,0.3,2.7,0.028999999999999998,64.0,158.0,0.9916,3.12,0.59,12.0,3
1,8.3,0.23,0.3,2.1,0.049,21.0,153.0,0.9953,3.09,0.5,9.6,2
1,7.6,0.26,0.36,1.6,0.032,6.0,106.0,0.993,3.15,0.4,10.4,1
1,7.1,0.49,0.22,2.0,0.047,146.5,307.5,0.9924,3.24,0.37,11.0,1
1,6.3,0.25,0.44,11.6,0.040999999999999995,48.0,195.0,0.9968,3.18,0.52,9.5,2
1,9.9,1.005,0.46,1.4,0.046,34.0,185.0,0.9966,3.02,0.49,10.2,1
1,8.2,0.21,0.48,1.4,0.040999999999999995,11.0,99.0,0.9958,3.17,0.57,9.9,2
1,7.5,0.26,0.26,18.35,0.084,33.0,139.0,1.0011,3.17,0.39,8.8,2
1,6.8,0.27,0.35,7.8,0.048,76.0,197.0,0.9959,3.24,0.43,9.5,2
1,7.6,0.2,0.3,14.2,0.055999999999999994,53.0,212.5,0.9990000000000001,3.14,0.46,8.9,4
1,6.4,0.43,0.27,1.1,0.054000000000000006,5.0,110.0,0.9939,3.24,0.52,9.1,1
1,7.0,0.28,0.33,14.6,0.043,47.0,168.0,0.9994,3.34,0.67,8.8,2
1,8.0,0.4,0.33,7.7,0.034,27.0,98.0,0.9935,3.18,0.41,12.2,3
1,7.0,0.25,0.56,2.0,0.035,20.0,95.0,0.9918,3.23,0.53,11.0,2
1,9.5,0.42,0.41,2.3,0.034,22.0,145.0,0.9951,3.06,0.52,11.0,2
1,11.8,0.23,0.38,11.1,0.034,15.0,123.0,0.9997,2.93,0.55,9.7,1
1,7.4,0.45,0.32,7.1,0.044000000000000004,17.0,117.0,0.9962,3.32,0.41,10.4,1
1,7.2,0.25,0.19,8.0,0.044000000000000004,51.0,172.0,0.9964,3.16,0.44,9.2,2
1,6.6,0.22,0.53,15.1,0.052000000000000005,22.0,136.0,0.9986,2.94,0.35,9.4,2
1,6.8,0.2,0.27,1.2,0.034,19.0,68.0,0.9902,3.14,0.37,11.7,1
1,8.0,0.16,0.36,1.5,0.033,14.0,122.0,0.9941,3.2,0.39,10.3,1
1,7.7,0.39,0.28,4.9,0.035,36.0,109.0,0.9918,3.19,0.58,12.2,3
1,9.1,0.33,0.38,1.7,0.062,50.5,344.0,0.9958,3.1,0.7,9.5,2
1,6.5,0.14,0.32,2.7,0.037000000000000005,18.0,89.0,0.9924,3.4,0.74,11.5,3
1,7.2,0.115,0.3,6.8,0.055999999999999994,26.0,105.0,0.9954,3.44,0.4,9.6,2
1,9.8,0.93,0.45,8.6,0.052000000000000005,34.0,187.0,0.9994,3.12,0.59,10.2,1
1,7.9,0.28,0.32,3.6,0.038,9.0,76.0,0.992,3.05,0.31,11.7,1
1,6.3,0.24,0.37,1.8,0.031,6.0,61.0,0.9897,3.3,0.34,12.2,1
1,6.8,0.37,0.28,4.0,0.03,29.0,79.0,0.99,3.23,0.46,12.4,3
1,7.0,0.35,0.31,1.8,0.069,15.0,162.0,0.9944,3.18,0.47,9.4,2
1,7.4,0.19,0.3,12.8,0.053,48.5,229.0,0.9986,3.14,0.49,9.1,3
1,7.6,0.32,0.58,16.75,0.05,43.0,163.0,0.9999,3.15,0.54,9.2,2
1,6.5,0.39,0.81,1.2,0.217,14.0,74.0,0.9936,3.08,0.53,9.5,2
1,7.1,0.26,0.19,8.2,0.051,53.0,187.0,0.996,3.16,0.52,9.7,2
1,6.6,0.23,0.24,3.9,0.045,36.0,138.0,0.9922,3.15,0.64,11.3,3
1,7.4,0.24,0.26,1.6,0.057999999999999996,53.0,150.0,0.9936,3.18,0.5,9.9,3
1,7.6,0.23,0.26,15.3,0.067,32.0,166.0,0.9986,3.03,0.44,9.2,1
1,7.2,0.23,0.38,6.1,0.067,20.0,90.0,0.9949600000000001,3.17,0.79,9.7,2
1,6.4,0.34,0.2,14.9,0.06,37.0,162.0,0.9983,3.13,0.45,9.0,1
1,7.5,0.31,0.24,7.1,0.031,28.0,141.0,0.99397,3.16,0.38,10.6,3
1,6.7,0.25,0.26,13.5,0.06,50.0,156.0,0.99784,3.39,0.46,9.9,2
1,7.5,0.29,0.26,14.95,0.067,47.0,178.0,0.9983799999999999,3.04,0.49,9.2,1
1,6.3,0.16,0.22,1.3,0.046,18.0,66.0,0.9930700000000001,3.61,0.55,10.3,2
1,7.3,0.4,0.28,6.5,0.037000000000000005,26.0,97.0,0.9914799999999999,3.16,0.58,12.6,3
1,6.3,0.41,0.18,3.5,0.027000000000000003,23.0,109.0,0.99018,3.34,0.54,12.8,4
1,6.6,0.22,0.28,12.05,0.057999999999999996,25.0,125.0,0.99856,3.45,0.45,9.4,2
1,7.5,0.26,0.59,11.8,0.046,58.0,164.0,0.9981399999999999,3.17,0.46,8.9,1
1,6.9,0.3,0.21,7.2,0.045,54.0,190.0,0.99595,3.22,0.48,9.4,2
1,6.8,0.37,0.28,1.9,0.024,64.0,106.0,0.98993,3.45,0.6,12.6,4
1,6.5,0.28,0.35,9.8,0.067,61.0,180.0,0.9972,3.15,0.57,9.0,1
1,7.7,0.4,0.27,4.5,0.034,27.0,95.0,0.99175,3.21,0.59,12.3,4
1,7.7,0.28,0.63,11.1,0.039,58.0,179.0,0.9979,3.08,0.44,8.8,1
1,7.9,0.46,0.4,10.1,0.168,19.0,184.0,0.99782,3.06,0.62,9.5,2
1,7.0,0.18,0.26,1.4,0.044000000000000004,46.0,89.0,0.99256,3.39,0.48,10.7,3
1,6.7,0.24,0.26,12.6,0.053,44.0,182.0,0.99802,3.42,0.42,9.7,2
1,6.0,0.33,0.18,3.0,0.036000000000000004,5.0,85.0,0.99125,3.28,0.4,11.5,1
1,7.6,0.48,0.37,1.2,0.034,5.0,57.0,0.99256,3.05,0.54,10.4,1
1,6.4,0.27,0.19,2.0,0.084,21.0,191.0,0.99516,3.49,0.63,9.6,1
1,6.4,0.27,0.19,1.9,0.085,21.0,196.0,0.99516,3.49,0.64,9.5,1
1,6.9,0.15,0.28,4.4,0.028999999999999998,14.0,107.0,0.9934700000000001,3.24,0.46,10.4,4
1,6.9,0.3,0.29,1.3,0.053,24.0,189.0,0.9936200000000001,3.29,0.54,9.9,1
1,6.9,0.3,0.3,1.3,0.053,24.0,186.0,0.99361,3.29,0.54,9.9,1
1,7.6,0.21,0.35,1.2,0.040999999999999995,7.0,106.0,0.9914,3.06,0.45,11.3,1
1,6.8,0.46,0.26,2.7,0.042,28.0,83.0,0.9911399999999999,3.38,0.51,12.0,4
1,7.0,0.28,0.26,1.7,0.042,34.0,130.0,0.9925,3.43,0.5,10.7,4
1,9.2,0.19,0.42,2.0,0.047,16.0,104.0,0.9951700000000001,3.09,0.66,10.0,1
1,9.2,0.16,0.49,2.0,0.044000000000000004,18.0,107.0,0.9951399999999999,3.1,0.53,10.2,1
1,7.9,0.44,0.26,4.45,0.033,23.0,100.0,0.9911700000000001,3.17,0.52,12.7,2
1,7.1,0.21,0.28,2.7,0.034,23.0,111.0,0.99405,3.35,0.64,10.2,1
1,7.0,0.16,0.26,7.3,0.047,30.0,220.0,0.9962200000000001,3.38,0.58,10.1,2
1,6.3,0.38,0.17,8.8,0.08,50.0,212.0,0.99803,3.47,0.66,9.4,1
1,6.2,0.38,0.18,7.4,0.095,28.0,195.0,0.9977299999999999,3.53,0.71,9.2,1
1,7.2,0.24,0.29,3.0,0.036000000000000004,17.0,117.0,0.99411,3.36,0.68,10.1,2
1,6.3,0.29,0.14,7.05,0.045,50.0,177.0,0.99564,3.23,0.42,9.0,2
1,6.4,0.35,0.35,5.6,0.034,9.0,148.0,0.99441,3.17,0.5,9.8,1
1,7.3,0.19,0.27,1.6,0.027000000000000003,35.0,136.0,0.9924799999999999,3.38,0.54,11.0,3
1,6.1,0.27,0.31,1.5,0.035,17.0,83.0,0.9907600000000001,3.32,0.44,11.1,3
1,7.6,0.31,0.23,12.7,0.054000000000000006,20.0,139.0,0.99836,3.16,0.5,9.7,1
1,8.6,0.34,0.36,1.4,0.045,11.0,119.0,0.99556,3.17,0.47,9.4,1
1,5.6,0.175,0.29,0.8,0.043,20.0,67.0,0.9911200000000001,3.28,0.48,9.9,2
1,6.9,0.34,0.3,4.7,0.028999999999999998,34.0,148.0,0.99165,3.36,0.49,12.3,3
1,7.3,0.17,0.24,8.1,0.121,32.0,162.0,0.99508,3.17,0.38,10.4,4
1,6.7,0.54,0.27,7.1,0.049,8.0,178.0,0.9950200000000001,3.16,0.38,9.4,1
1,6.8,0.23,0.3,1.7,0.043,19.0,95.0,0.9920700000000001,3.17,0.46,10.7,3
1,5.9,0.28,0.14,8.6,0.032,30.0,142.0,0.9954200000000001,3.28,0.44,9.5,2
1,6.2,0.27,0.18,1.5,0.027999999999999997,20.0,111.0,0.9922799999999999,3.41,0.5,10.0,2
1,7.5,0.2,0.47,16.9,0.052000000000000005,51.0,188.0,0.99944,3.09,0.62,9.3,2
1,7.0,0.16,0.32,1.1,0.032,29.0,80.0,0.98972,3.23,0.36,12.1,2
1,6.3,0.34,0.36,4.9,0.035,31.0,185.0,0.9946,3.15,0.49,9.7,2
1,5.8,0.3,0.27,1.7,0.013999999999999999,45.0,104.0,0.9891399999999999,3.4,0.56,12.6,3
1,7.2,0.615,0.1,1.4,0.068,25.0,154.0,0.9949899999999999,3.2,0.48,9.7,1
1,6.9,0.13,0.28,13.3,0.05,47.0,132.0,0.99655,3.34,0.42,10.1,2
1,6.4,0.22,0.34,1.4,0.023,56.0,115.0,0.9895799999999999,3.18,0.7,11.7,2
1,6.8,0.11,0.42,1.1,0.042,51.0,132.0,0.99059,3.18,0.74,11.3,3
1,6.2,0.26,0.32,15.3,0.031,64.0,185.0,0.99835,3.31,0.61,9.4,2
1,6.7,0.3,0.29,2.8,0.025,37.0,107.0,0.99159,3.31,0.63,11.3,3
1,7.5,0.25,0.32,8.2,0.024,53.0,209.0,0.9956299999999999,3.12,0.46,10.8,2
1,8.0,0.24,0.26,1.7,0.033,36.0,136.0,0.99316,3.44,0.51,10.4,3
1,7.2,0.24,0.27,11.4,0.034,40.0,174.0,0.9977299999999999,3.2,0.44,9.0,2
1,7.1,0.23,0.24,5.4,0.039,60.0,196.0,0.9948,3.19,0.78,10.0,1
1,6.45,0.14,0.42,1.2,0.05,51.0,129.0,0.99116,3.27,0.69,11.1,3
1,6.5,0.15,0.44,12.6,0.052000000000000005,65.0,158.0,0.9968799999999999,3.26,0.7,10.3,3
1,6.7,0.33,0.34,6.6,0.067,35.0,156.0,0.9954200000000001,3.11,0.48,9.3,2
1,8.0,0.13,0.25,1.1,0.033,15.0,86.0,0.99044,2.98,0.39,11.2,4
1,6.6,0.12,0.25,1.4,0.039,21.0,131.0,0.9911399999999999,3.2,0.45,11.2,3
1,5.9,0.3,0.3,2.0,0.03,38.0,142.0,0.98892,3.41,0.41,12.9,3
1,7.0,0.16,0.36,2.6,0.028999999999999998,28.0,98.0,0.99126,3.11,0.37,11.2,3
1,7.8,0.25,0.34,13.7,0.044000000000000004,66.0,184.0,0.99976,3.22,0.75,8.9,2
1,6.8,0.16,0.29,10.4,0.046,59.0,143.0,0.99518,3.2,0.4,10.8,2
1,7.5,0.26,0.3,4.6,0.027000000000000003,29.0,92.0,0.99085,3.15,0.38,12.0,3
1,7.5,0.26,0.25,1.7,0.038,29.0,129.0,0.9931200000000001,3.45,0.56,10.4,2
1,6.5,0.29,0.31,1.7,0.035,24.0,79.0,0.9905299999999999,3.27,0.69,11.4,3
1,7.4,0.2,0.28,9.1,0.047,29.0,95.0,0.9953200000000001,3.16,0.47,9.8,3
1,6.7,0.44,0.22,4.3,0.032,19.0,99.0,0.99015,3.26,0.53,12.8,3
1,5.8,0.17,0.34,1.8,0.045,96.0,170.0,0.99035,3.38,0.9,11.8,4
1,5.8,0.315,0.27,1.55,0.026000000000000002,15.0,70.0,0.9899399999999999,3.37,0.4,11.9,4
1,6.0,0.26,0.15,1.3,0.06,51.0,154.0,0.99354,3.14,0.51,8.7,2
1,6.3,0.2,0.24,1.7,0.052000000000000005,36.0,135.0,0.99374,3.8,0.66,10.8,2
1,7.6,0.39,0.32,3.6,0.035,22.0,93.0,0.99144,3.08,0.6,12.5,3
1,7.0,0.36,0.32,10.05,0.045,37.0,131.0,0.9935200000000001,3.09,0.33,11.7,4
1,7.0,0.36,0.32,10.5,0.045,35.0,135.0,0.9935,3.09,0.33,11.6,4
1,6.4,0.22,0.32,7.2,0.027999999999999997,15.0,83.0,0.993,3.13,0.55,10.9,4
1,5.5,0.15,0.32,14.0,0.031,16.0,99.0,0.9943700000000001,3.26,0.38,11.5,4
1,6.0,0.11,0.47,10.6,0.052000000000000005,69.0,148.0,0.9958,2.91,0.34,9.3,1
1,6.3,0.25,0.22,3.3,0.048,41.0,161.0,0.99256,3.16,0.5,10.5,2
1,6.4,0.14,0.31,1.2,0.034,53.0,138.0,0.9908399999999999,3.38,0.35,11.5,3
1,6.2,0.15,0.27,1.4,0.040999999999999995,51.0,117.0,0.9909,3.28,0.38,11.2,2
1,6.9,0.15,0.29,2.3,0.033,14.0,82.0,0.9913200000000001,3.1,0.58,11.2,3
1,6.5,0.37,0.33,3.5,0.036000000000000004,23.0,92.0,0.99136,3.18,0.38,11.2,2
1,5.5,0.375,0.38,1.7,0.036000000000000004,17.0,98.0,0.9914200000000001,3.29,0.39,10.5,2
1,6.4,0.21,0.28,5.9,0.047,29.0,101.0,0.9927799999999999,3.15,0.4,11.0,2
1,6.9,0.33,0.26,5.0,0.027000000000000003,46.0,143.0,0.9924,3.25,0.43,11.2,3
1,5.6,0.18,0.58,1.25,0.034,29.0,129.0,0.9898399999999999,3.51,0.6,12.0,3
1,6.6,0.29,0.31,3.9,0.027000000000000003,39.0,96.0,0.99035,3.24,0.6,12.6,4
1,5.6,0.19,0.46,1.1,0.032,33.0,115.0,0.9909,3.36,0.5,10.4,2
1,6.7,0.48,0.32,1.4,0.021,22.0,121.0,0.9889,3.15,0.53,12.7,3
1,5.8,0.21,0.32,1.6,0.045,38.0,95.0,0.98946,3.23,0.94,12.4,4
1,7.2,0.21,0.28,2.7,0.033,38.0,94.0,0.99075,2.99,0.43,11.8,3
1,6.6,0.41,0.31,1.6,0.042,18.0,101.0,0.99195,3.13,0.41,10.5,2
1,8.5,0.22,0.34,0.7,0.04,5.0,25.0,0.9918,3.04,0.37,10.5,1
1,5.2,0.285,0.29,5.15,0.035,64.0,138.0,0.9895,3.19,0.34,12.4,4
1,6.2,0.16,0.34,1.7,0.038,85.0,153.0,0.9909,3.33,0.86,12.0,3
1,6.1,0.16,0.37,1.1,0.031,37.0,97.0,0.9922,3.4,0.58,10.5,2
1,5.7,0.28,0.28,2.2,0.019,15.0,65.0,0.9902,3.06,0.52,11.2,2
1,7.4,0.28,0.4,11.9,0.032,13.0,92.0,0.99629,3.01,0.46,10.8,1
1,6.5,0.44,0.47,5.45,0.013999999999999999,44.0,137.0,0.9898399999999999,3.13,0.32,13.0,4
1,5.2,0.155,0.33,1.6,0.027999999999999997,13.0,59.0,0.98975,3.3,0.84,11.9,4
1,5.6,0.21,0.4,1.3,0.040999999999999995,81.0,147.0,0.9901,3.22,0.95,11.6,4
1,5.3,0.21,0.29,0.7,0.027999999999999997,11.0,66.0,0.99215,3.3,0.4,9.8,2
1,7.1,0.27,0.28,1.25,0.023,3.0,89.0,0.98993,2.95,0.3,11.4,1
1,7.0,0.12,0.29,10.3,0.039,41.0,98.0,0.99564,3.19,0.38,9.8,4
1,4.9,0.33,0.31,1.2,0.016,39.0,150.0,0.98713,3.33,0.59,14.0,4
1,7.2,0.2,0.22,1.6,0.044000000000000004,17.0,101.0,0.99471,3.37,0.53,10.0,2
1,5.5,0.34,0.26,2.2,0.021,31.0,119.0,0.98919,3.55,0.49,13.0,4
1,6.7,0.36,0.26,7.9,0.034,39.0,123.0,0.99119,2.99,0.3,12.2,3
1,7.2,0.19,0.31,6.3,0.034,17.0,103.0,0.99305,3.15,0.52,11.4,3
1,5.0,0.27,0.32,4.5,0.032,58.0,178.0,0.98956,3.45,0.31,12.6,3
1,6.3,0.37,0.28,6.3,0.034,45.0,152.0,0.9921,3.29,0.46,11.6,3
1,6.5,0.35,0.36,0.8,0.034,32.0,111.0,0.9894200000000001,3.11,0.5,12.1,4
1,5.0,0.3,0.33,3.7,0.03,54.0,173.0,0.9887,3.36,0.3,13.0,3
1,6.8,0.22,0.31,6.9,0.037000000000000005,33.0,121.0,0.9917600000000001,3.02,0.39,11.9,4
1,6.8,0.27,0.29,4.6,0.046,6.0,88.0,0.9945799999999999,3.34,0.48,10.6,1
1,7.1,0.47,0.29,14.8,0.024,22.0,142.0,0.99518,3.12,0.48,12.0,4
1,6.0,0.24,0.33,2.5,0.026000000000000002,31.0,85.0,0.9901399999999999,3.13,0.5,11.3,3
1,7.1,0.17,0.43,1.3,0.023,33.0,132.0,0.99067,3.11,0.56,11.7,2
1,6.2,0.255,0.24,1.7,0.039,138.5,272.0,0.9945200000000001,3.53,0.53,9.6,1
1,6.8,0.28,0.43,7.6,0.03,30.0,110.0,0.99164,3.08,0.59,12.5,4
1,7.3,0.28,0.42,1.2,0.033,29.0,142.0,0.99205,3.17,0.43,10.7,1
1,7.0,0.53,0.43,6.1,0.028999999999999998,6.0,76.0,0.99118,3.08,0.5,12.5,4
1,6.4,0.15,0.4,1.5,0.042,23.0,87.0,0.98972,3.11,0.46,12.2,3
1,6.1,0.2,0.34,9.5,0.040999999999999995,38.0,201.0,0.995,3.14,0.44,10.1,1
1,6.8,0.13,0.39,1.4,0.034,19.0,102.0,0.99121,3.23,0.6,11.3,3
1,6.7,0.34,0.4,2.1,0.033,34.0,111.0,0.98924,2.97,0.48,12.2,3
1,6.9,0.3,0.36,4.5,0.054000000000000006,31.0,203.0,0.99513,3.4,0.57,10.4,1
1,7.2,0.17,0.37,6.9,0.059000000000000004,47.0,128.0,0.9932200000000001,3.08,0.46,11.0,3
1,5.9,0.33,0.32,8.1,0.038,9.0,34.0,0.9911,3.22,0.36,12.7,3
1,6.2,0.23,0.36,17.2,0.039,37.0,130.0,0.99946,3.23,0.43,8.8,2
1,6.7,0.33,0.36,6.6,0.042,34.0,116.0,0.9912299999999999,2.97,0.31,12.2,4
1,6.7,0.33,0.34,7.5,0.036000000000000004,39.0,124.0,0.9912299999999999,2.99,0.32,12.4,4
1,6.9,0.36,0.35,8.6,0.038,37.0,125.0,0.9916,3.0,0.32,12.4,4
1,8.5,0.2,0.4,1.1,0.046,31.0,106.0,0.9919399999999999,3.0,0.35,10.5,1
1,8.7,0.3,0.59,1.7,0.046,10.0,70.0,0.9937299999999999,3.06,0.56,10.8,1
1,6.7,0.18,0.37,1.3,0.027000000000000003,42.0,125.0,0.98939,3.24,0.37,12.8,3
1,7.0,0.17,0.36,6.4,0.055,42.0,123.0,0.99318,3.11,0.5,11.0,4
1,5.8,0.28,0.3,1.5,0.026000000000000002,31.0,114.0,0.9895200000000001,3.32,0.6,12.5,3
1,5.6,0.42,0.34,2.4,0.022000000000000002,34.0,97.0,0.98915,3.22,0.38,12.8,3
1,6.5,0.29,0.25,2.5,0.142,8.0,111.0,0.9927,3.0,0.44,9.9,1
1,6.2,0.2,0.26,1.1,0.047,42.0,119.0,0.9915799999999999,3.48,0.6,11.0,3
1,7.1,0.26,0.37,5.5,0.025,31.0,105.0,0.99082,3.06,0.33,12.6,4
1,5.3,0.3,0.16,4.2,0.028999999999999998,37.0,100.0,0.9905,3.3,0.36,11.8,4
1,6.5,0.26,0.31,3.6,0.03,36.0,92.0,0.99026,3.22,0.62,12.6,4
1,4.2,0.215,0.23,5.1,0.040999999999999995,64.0,157.0,0.9968799999999999,3.42,0.44,8.0,1
1,6.5,0.48,0.02,0.9,0.043,32.0,99.0,0.99226,3.14,0.47,9.8,1
1,6.6,0.23,0.3,4.6,0.06,29.0,154.0,0.9914200000000001,3.23,0.49,12.2,4
1,6.8,0.23,0.31,2.8,0.047,40.0,122.0,0.99126,3.06,0.64,10.9,3
1,5.6,0.12,0.33,2.9,0.044000000000000004,21.0,73.0,0.9889600000000001,3.17,0.32,12.9,4
1,6.8,0.32,0.32,8.7,0.028999999999999998,31.0,105.0,0.99146,3.0,0.34,12.3,3
1,9.4,0.24,0.29,8.5,0.037000000000000005,124.0,208.0,0.99395,2.9,0.38,11.0,1
1,6.3,0.3,0.29,2.1,0.048,33.0,142.0,0.98956,3.22,0.46,12.9,3
1,5.8,0.18,0.37,1.2,0.036000000000000004,19.0,74.0,0.9885299999999999,3.09,0.49,12.7,3
1,6.6,0.16,0.35,1.8,0.042,26.0,105.0,0.98962,3.19,0.75,12.4,3
1,5.7,0.26,0.3,1.8,0.039,30.0,105.0,0.98995,3.48,0.52,12.5,3
1,6.8,0.25,0.28,5.0,0.035,42.0,126.0,0.9904799999999999,3.12,0.38,12.6,3
1,7.6,0.2,0.26,4.8,0.033,26.0,76.0,0.9907600000000001,2.98,0.49,12.3,3
1,6.1,0.28,0.27,4.7,0.03,56.0,140.0,0.9904200000000001,3.16,0.42,12.5,4
1,6.9,0.28,0.3,8.3,0.026000000000000002,37.0,113.0,0.99139,2.99,0.38,12.3,4
1,7.1,0.32,0.3,9.9,0.040999999999999995,63.0,192.0,0.9964200000000001,3.12,0.49,10.2,2
1,6.2,0.23,0.35,0.7,0.051,24.0,111.0,0.9916,3.37,0.43,11.0,1
1,6.7,0.64,0.3,1.2,0.03,18.0,76.0,0.9892,3.16,0.6,12.9,1
1,6.3,0.29,0.28,4.7,0.059000000000000004,28.0,81.0,0.99036,3.24,0.56,12.7,4
1,6.2,0.28,0.28,4.3,0.026000000000000002,22.0,105.0,0.9890000000000001,2.98,0.64,13.1,4
1,6.2,0.255,0.27,1.3,0.037000000000000005,30.0,86.0,0.98834,3.05,0.59,12.9,3
1,6.6,0.15,0.32,6.0,0.033,59.0,128.0,0.99192,3.19,0.71,12.1,4
1,6.6,0.21,0.29,5.35,0.028999999999999998,43.0,106.0,0.9911200000000001,2.93,0.43,11.5,3
1,6.1,0.105,0.31,1.3,0.037000000000000005,55.0,145.0,0.9912,3.41,0.41,11.1,3
1,6.7,0.24,0.3,3.85,0.042,105.0,179.0,0.9918899999999999,3.04,0.59,11.3,4
1,6.2,0.3,0.31,1.6,0.035,40.0,106.0,0.9891399999999999,3.26,0.39,12.9,3
1,6.6,0.16,0.36,1.1,0.031,27.0,93.0,0.9888399999999999,3.23,0.34,13.2,4
1,6.7,0.16,0.36,2.0,0.045,24.0,131.0,0.99284,3.3,0.59,10.5,2
1,6.5,0.3,0.27,4.0,0.038,37.0,97.0,0.99026,3.2,0.6,12.6,4
1,6.2,0.37,0.24,6.1,0.032,19.0,86.0,0.98934,3.04,0.26,13.4,4
1,5.9,0.32,0.28,4.7,0.039,34.0,94.0,0.98964,3.22,0.57,13.1,3
1,5.4,0.45,0.27,6.4,0.033,20.0,102.0,0.98944,3.22,0.27,13.4,4
1,6.7,0.28,0.31,7.4,0.040999999999999995,7.0,81.0,0.99254,3.04,0.47,11.4,4
1,6.3,0.22,0.28,2.4,0.042,38.0,102.0,0.98998,3.14,0.37,11.6,3
1,6.0,0.24,0.28,3.95,0.038,61.0,134.0,0.99146,3.3,0.54,11.3,3
1,6.0,0.2,0.32,3.0,0.031,26.0,118.0,0.99134,3.38,0.68,11.2,3
1,7.2,0.33,0.34,2.0,0.044000000000000004,61.0,171.0,0.9894700000000001,3.25,0.53,13.3,3
1,6.6,0.29,0.29,1.8,0.036000000000000004,38.0,102.0,0.98819,3.08,0.42,13.7,3
1,6.9,0.75,0.13,6.3,0.036000000000000004,19.0,50.0,0.9931200000000001,3.09,0.25,11.1,1
1,7.1,0.35,0.27,3.1,0.034,28.0,134.0,0.9897,3.26,0.38,13.1,3
1,7.5,0.34,0.24,3.85,0.031,5.0,34.0,0.99098,3.01,0.36,11.8,1
1,6.9,0.26,0.27,4.2,0.031,20.0,80.0,0.9908899999999999,3.12,0.39,11.5,2
1,5.9,0.655,0.0,5.6,0.033,8.0,31.0,0.9936,3.32,0.51,10.5,1
1,6.7,0.22,0.22,1.2,0.038,5.0,124.0,0.99098,3.1,0.37,11.2,1
1,7.0,0.24,0.35,1.0,0.032,42.0,104.0,0.98988,3.16,0.37,11.7,3
1,5.6,0.28,0.27,3.9,0.043,52.0,158.0,0.9920200000000001,3.35,0.44,10.7,3
1,7.2,0.16,0.29,1.0,0.031,40.0,123.0,0.9895799999999999,3.12,0.4,12.1,3
1,5.8,0.2,0.24,1.4,0.033,65.0,169.0,0.9904299999999999,3.59,0.56,12.3,3
1,7.7,0.32,0.61,11.8,0.040999999999999995,66.0,188.0,0.9979399999999999,3.0,0.54,9.3,2
1,6.3,0.2,0.26,4.7,0.04,108.0,168.0,0.9927799999999999,3.07,0.75,10.7,3
1,6.5,0.21,0.51,17.6,0.045,34.0,125.0,0.99966,3.2,0.47,8.8,2
1,6.4,0.24,0.23,2.0,0.046,30.0,133.0,0.9908,3.12,0.54,11.4,3
1,6.9,0.19,0.6,4.0,0.037000000000000005,6.0,122.0,0.99255,2.92,0.59,10.4,1
1,5.7,0.15,0.47,11.4,0.035,49.0,128.0,0.99456,3.03,0.34,10.5,4
1,5.4,0.53,0.16,2.7,0.036000000000000004,34.0,128.0,0.98856,3.2,0.53,13.2,4
1,5.8,0.32,0.28,4.3,0.032,46.0,115.0,0.98946,3.16,0.57,13.0,4
1,6.1,0.6,0.12,1.8,0.05,11.0,76.0,0.9926799999999999,3.42,0.48,10.4,1
1,5.0,0.29,0.54,5.7,0.035,54.0,155.0,0.9897600000000001,3.27,0.34,12.9,4
1,5.9,0.37,0.32,1.6,0.028999999999999998,41.0,102.0,0.98916,3.41,0.55,12.7,3
1,7.3,0.41,0.29,1.8,0.032,26.0,74.0,0.9888899999999999,2.96,0.35,13.0,4
1,7.0,0.22,0.26,9.2,0.027000000000000003,37.0,122.0,0.9922799999999999,3.06,0.34,12.5,4
1,8.5,0.18,0.3,1.1,0.027999999999999997,34.0,95.0,0.99272,2.83,0.36,10.0,1
1,5.7,0.265,0.28,6.9,0.036000000000000004,46.0,150.0,0.9929899999999999,3.36,0.44,10.8,3
1,7.5,0.28,0.41,1.3,0.044000000000000004,11.0,126.0,0.99293,3.28,0.45,10.3,2
1,6.5,0.32,0.48,8.0,0.026000000000000002,18.0,88.0,0.99144,3.22,0.79,12.7,1
1,6.3,0.28,0.29,6.8,0.051,40.0,143.0,0.99374,3.43,0.59,11.0,2
1,5.4,0.46,0.15,2.1,0.026000000000000002,29.0,130.0,0.9895299999999999,3.39,0.77,13.4,4
1,6.1,0.17,0.28,2.5,0.027999999999999997,22.0,98.0,0.99072,3.16,0.37,11.1,3
1,7.4,0.27,0.31,2.4,0.013999999999999999,15.0,143.0,0.9909399999999999,3.03,0.65,12.0,1
1,6.5,0.32,0.45,7.7,0.022000000000000002,31.0,97.0,0.99134,3.2,0.7,12.7,3
1,5.6,0.19,0.31,2.7,0.027000000000000003,11.0,100.0,0.98964,3.46,0.4,13.2,3
1,7.9,0.21,0.39,2.0,0.057,21.0,138.0,0.9917600000000001,3.05,0.52,10.9,2
1,7.2,0.17,0.34,6.4,0.042,16.0,111.0,0.9927799999999999,2.99,0.4,10.8,2
1,6.8,0.26,0.34,15.1,0.06,42.0,162.0,0.99705,3.24,0.52,10.5,1
1,5.1,0.35,0.26,6.8,0.034,36.0,120.0,0.9918799999999999,3.38,0.4,11.5,2
1,4.8,0.26,0.23,10.6,0.034,23.0,111.0,0.99274,3.46,0.28,11.5,3
1,8.2,0.31,0.43,7.0,0.047,18.0,87.0,0.9962799999999999,3.23,0.64,10.6,2
1,6.6,0.32,0.26,4.6,0.031,26.0,120.0,0.99198,3.4,0.73,12.5,3
1,6.6,0.39,0.22,4.0,0.038,17.0,98.0,0.99018,3.25,0.53,13.0,3
1,7.3,0.36,0.54,13.3,0.054000000000000006,63.0,193.0,0.99864,3.06,0.49,8.6,1
1,7.4,0.22,0.27,1.6,0.057,45.0,98.0,0.9929899999999999,3.29,0.44,9.9,3
1,6.1,0.22,0.28,16.55,0.059000000000000004,54.0,135.0,0.99665,3.2,0.38,10.5,2
1,6.8,0.73,0.2,6.6,0.054000000000000006,25.0,65.0,0.99324,3.12,0.28,11.1,1
1,4.8,0.65,0.12,1.1,0.013000000000000001,4.0,10.0,0.99246,3.32,0.36,13.5,1
1,4.7,0.455,0.18,1.9,0.036000000000000004,33.0,106.0,0.98746,3.21,0.83,14.0,3
1,6.9,0.22,0.28,7.8,0.05,43.0,116.0,0.99326,3.22,0.6,11.5,4
1,8.7,0.31,0.21,5.6,0.039,28.0,67.0,0.9932799999999999,2.96,0.52,11.0,1
1,6.5,0.36,0.36,6.7,0.185,51.5,151.0,0.9952799999999999,3.17,0.42,9.3,2
1,7.2,0.23,0.39,1.5,0.053,26.0,106.0,0.99166,3.18,0.47,11.1,2
1,6.1,0.3,0.32,2.2,0.042,41.0,142.0,0.9895200000000001,3.31,0.44,12.7,3
1,7.3,0.38,0.23,6.5,0.05,18.0,102.0,0.9930399999999999,3.1,0.55,11.2,1
1,6.3,0.27,0.51,7.6,0.049,35.0,200.0,0.9954799999999999,3.16,0.54,9.4,1
1,5.6,0.23,0.25,8.0,0.043,31.0,101.0,0.99429,3.19,0.42,10.4,2
1,6.5,0.46,0.24,11.5,0.051,56.0,171.0,0.9958799999999999,3.08,0.56,9.8,2
1,6.4,0.18,0.48,18.0,0.054000000000000006,56.0,183.0,1.0003799999999998,2.98,0.61,8.5,2
1,6.4,0.37,0.12,5.9,0.055999999999999994,6.0,91.0,0.99536,3.06,0.46,8.4,1
1,7.3,0.33,0.22,1.4,0.040999999999999995,40.0,177.0,0.99287,3.14,0.48,9.9,2
1,6.1,1.1,0.16,4.4,0.033,8.0,109.0,0.9905799999999999,3.35,0.47,12.4,1
1,5.5,0.28,0.21,1.6,0.032,23.0,85.0,0.9902700000000001,3.42,0.42,12.5,2
1,6.6,0.5,0.26,11.3,0.028999999999999998,32.0,110.0,0.9930200000000001,3.27,0.78,12.9,4
1,6.6,0.35,0.19,10.5,0.06,15.0,82.0,0.9958799999999999,3.13,0.38,9.9,1
1,6.2,0.3,0.32,1.2,0.052000000000000005,32.0,185.0,0.99266,3.28,0.44,10.1,2
1,6.5,0.33,0.24,14.5,0.048,20.0,96.0,0.99456,3.06,0.3,11.5,4
1,6.9,0.37,0.23,9.5,0.057,54.0,166.0,0.9956799999999999,3.23,0.42,10.0,2
1,6.9,0.45,0.27,4.7,0.035,17.0,80.0,0.9905799999999999,3.12,0.36,12.5,3
1,6.8,0.3,0.26,20.3,0.037000000000000005,45.0,150.0,0.9972700000000001,3.04,0.38,12.3,2
1,6.5,0.43,0.31,3.6,0.046,19.0,143.0,0.9902200000000001,3.15,0.34,12.0,4
1,5.8,0.23,0.31,3.5,0.044000000000000004,35.0,158.0,0.98998,3.19,0.37,12.1,3
1,6.3,0.17,0.32,1.0,0.04,39.0,118.0,0.9888600000000001,3.31,0.4,13.1,4
1,6.6,0.22,0.37,1.6,0.04,31.0,101.0,0.9900899999999999,3.15,0.66,12.0,2
1,7.1,0.34,0.86,1.4,0.174,36.0,99.0,0.9928799999999999,2.92,0.5,9.3,2
1,5.8,0.19,0.33,4.2,0.038,49.0,133.0,0.9910700000000001,3.16,0.42,11.3,3
1,7.1,0.45,0.24,2.7,0.04,24.0,87.0,0.98862,2.94,0.38,13.4,4
1,6.6,0.31,0.37,6.2,0.052000000000000005,13.0,164.0,0.9960200000000001,3.24,0.39,8.8,1
1,6.5,0.38,0.53,1.4,0.142,5.0,69.0,0.9926,3.14,0.52,10.1,1
1,6.1,0.38,0.14,3.9,0.06,27.0,113.0,0.99344,3.07,0.34,9.2,1
1,5.3,0.43,0.11,1.1,0.028999999999999998,6.0,51.0,0.9907600000000001,3.51,0.48,11.2,1
1,5.4,0.22,0.35,6.5,0.028999999999999998,26.0,87.0,0.99092,3.29,0.44,12.5,3
1,6.3,0.22,0.3,2.0,0.05,23.0,120.0,0.9920399999999999,3.24,0.47,10.4,2
1,6.4,0.29,0.18,15.0,0.04,21.0,116.0,0.99736,3.14,0.5,9.2,2
1,7.6,0.35,0.47,13.3,0.037000000000000005,42.0,116.0,0.9982200000000001,3.04,0.5,9.2,2
1,6.7,0.11,0.26,14.8,0.053,44.0,95.0,0.9967600000000001,3.2,0.35,9.8,2
1,5.3,0.47,0.1,1.3,0.036000000000000004,11.0,74.0,0.99082,3.48,0.54,11.2,1
1,6.0,0.29,0.27,2.3,0.044000000000000004,20.0,117.0,0.9895,3.31,0.41,12.7,3
1,6.9,0.42,0.2,15.4,0.043,57.0,201.0,0.9984799999999999,3.08,0.54,9.4,2
1,5.6,0.18,0.29,2.3,0.04,5.0,47.0,0.99126,3.07,0.45,10.1,1
1,7.0,0.2,0.35,8.8,0.037000000000000005,31.0,103.0,0.9938799999999999,3.13,0.49,11.0,2
1,6.6,0.34,0.25,4.8,0.038,16.0,121.0,0.99198,3.36,0.71,12.6,2
1,6.7,0.41,0.24,5.4,0.035,33.0,115.0,0.9901,3.12,0.44,12.89333333,3
1,7.3,0.19,0.27,13.9,0.057,45.0,155.0,0.9980700000000001,2.94,0.41,8.8,4
1,6.8,0.24,0.29,2.0,0.044000000000000004,15.0,96.0,0.9923200000000001,3.23,0.64,10.4,4
1,7.1,0.2,0.35,3.2,0.034,21.0,107.0,0.99195,3.11,0.54,11.1,2
1,6.3,0.28,0.22,9.5,0.04,30.0,111.0,0.9933799999999999,3.05,0.31,10.8,1
1,6.8,0.43,0.26,5.2,0.043,40.0,176.0,0.99116,3.17,0.41,12.3,2
1,8.1,0.36,0.59,13.6,0.051,60.0,134.0,0.9988600000000001,2.96,0.39,8.7,2
1,6.6,0.38,0.28,2.8,0.043,17.0,67.0,0.98924,3.21,0.47,13.2,2
1,6.9,0.29,0.25,12.2,0.04,29.0,136.0,0.9955200000000001,3.05,0.65,10.4,2
1,6.3,0.39,0.22,2.8,0.048,53.0,173.0,0.9930399999999999,3.24,0.45,9.8,2
1,6.6,0.35,0.26,2.7,0.045,19.0,129.0,0.9895200000000001,3.24,0.48,13.0,3
1,5.8,0.28,0.18,1.2,0.057999999999999996,7.0,108.0,0.9928799999999999,3.23,0.58,9.55,1
1,5.2,0.38,0.26,7.7,0.053,20.0,103.0,0.9925,3.27,0.45,12.2,2
1,5.8,0.26,0.3,2.6,0.034,75.0,129.0,0.9902,3.2,0.38,11.5,1
1,6.1,0.27,0.32,1.1,0.034,24.0,110.0,0.9898,3.36,0.4,12.5,2
1,5.8,0.31,0.31,7.5,0.052000000000000005,55.0,230.0,0.9949,3.19,0.46,9.8,2
1,6.3,0.37,0.51,6.3,0.048,35.0,146.0,0.9943,3.1,1.01,10.5,2
1,6.7,0.45,0.3,5.3,0.036000000000000004,27.0,165.0,0.9912200000000001,3.12,0.46,12.2,2
1,6.5,0.36,0.31,13.55,0.053,20.0,113.0,0.99544,3.2,0.56,11.0,2
1,7.1,0.39,0.3,9.9,0.037000000000000005,29.0,124.0,0.9941399999999999,3.07,0.42,10.9,2
1,6.0,0.615,0.04,0.8,0.032,8.0,50.0,0.99036,3.14,0.4,11.0,1
1,5.9,0.42,0.36,2.4,0.034,19.0,77.0,0.9918399999999999,3.25,0.48,10.9,2
1,5.8,0.27,0.2,7.3,0.04,42.0,145.0,0.9944200000000001,3.15,0.48,9.8,2
1,6.1,0.44,0.28,4.25,0.032,43.0,132.0,0.9916,3.26,0.47,11.26666667,3
1,6.1,0.44,0.28,4.25,0.032,43.0,132.0,0.9916,3.26,0.47,11.3,3
1,7.5,0.305,0.38,1.4,0.047,30.0,95.0,0.9915799999999999,3.22,0.52,11.5,3
1,6.5,0.5,0.22,4.1,0.036000000000000004,35.0,131.0,0.9902,3.26,0.55,13.0,3
1,5.7,0.25,0.32,12.2,0.040999999999999995,43.0,127.0,0.99524,3.23,0.53,10.4,3
1,6.6,0.21,0.39,2.3,0.040999999999999995,31.0,102.0,0.99221,3.22,0.58,10.9,3
1,5.0,0.24,0.34,1.1,0.034,49.0,158.0,0.98774,3.32,0.32,13.1,3
1,6.3,0.36,0.28,2.5,0.035,18.0,73.0,0.9886799999999999,3.1,0.47,12.8,3
1,6.0,0.29,0.41,10.8,0.048,55.0,149.0,0.9937,3.09,0.59,10.96666667,3
1,6.0,0.29,0.41,10.8,0.048,55.0,149.0,0.9937,3.09,0.59,11.0,3
1,6.0,0.17,0.33,6.0,0.036000000000000004,30.0,111.0,0.9936200000000001,3.32,0.58,10.13333333,3
1,6.8,0.63,0.04,1.3,0.057999999999999996,25.0,133.0,0.99271,3.17,0.39,10.2,1
1,5.6,0.27,0.37,0.9,0.025,11.0,49.0,0.98845,3.29,0.33,13.1,2
1,6.9,0.19,0.31,19.25,0.043,38.0,167.0,0.99954,2.93,0.52,9.1,3
1,6.3,0.36,0.5,8.3,0.053,51.0,202.0,0.9955,3.2,0.51,9.6,2
1,5.5,0.16,0.31,1.2,0.026000000000000002,31.0,68.0,0.9898,3.33,0.44,11.63333333,2
1,6.1,0.24,0.32,9.0,0.031,41.0,134.0,0.99234,3.25,0.26,12.3,3
1,6.1,0.26,0.25,2.9,0.047,289.0,440.0,0.9931399999999999,3.44,0.64,10.5,1
1,5.2,0.3,0.34,1.5,0.038,18.0,96.0,0.9894200000000001,3.56,0.48,13.0,4
1,6.4,0.32,0.25,5.0,0.055,28.0,138.0,0.9917100000000001,3.27,0.5,12.4,4
1,6.6,0.19,0.25,1.2,0.052000000000000005,34.0,181.0,0.9935200000000001,3.3,0.42,9.4,3
1,7.1,0.24,0.34,1.2,0.045,6.0,132.0,0.9913200000000001,3.16,0.46,11.2,1
1,5.8,0.315,0.19,19.4,0.031,28.0,106.0,0.9970399999999999,2.97,0.4,10.55,2
1,6.0,0.59,0.0,0.8,0.037000000000000005,30.0,95.0,0.9903200000000001,3.1,0.4,10.9,1
1,6.9,0.25,0.29,2.4,0.038,28.0,76.0,0.9908799999999999,3.01,0.36,11.7,3
1,4.4,0.32,0.39,4.3,0.03,31.0,127.0,0.9890399999999999,3.46,0.36,12.8,4
1,3.9,0.225,0.4,4.2,0.03,29.0,118.0,0.9890000000000001,3.57,0.36,12.8,4
1,6.4,0.105,0.29,1.1,0.035,44.0,140.0,0.9914200000000001,3.17,0.55,10.7,3
1,6.0,0.2,0.33,1.1,0.039,45.0,126.0,0.99051,3.31,0.45,11.6,3
1,5.8,0.28,0.34,2.2,0.037000000000000005,24.0,125.0,0.9898600000000001,3.36,0.33,12.8,4
1,6.0,0.35,0.46,0.9,0.033,9.0,65.0,0.98934,3.24,0.35,12.1,1
1,6.5,0.28,0.34,4.6,0.054000000000000006,22.0,130.0,0.99193,3.2,0.46,12.0,3
1,6.4,0.23,0.35,10.3,0.042,54.0,140.0,0.9967,3.23,0.47,9.2,2
1,5.2,0.405,0.15,1.45,0.038,10.0,44.0,0.99125,3.52,0.4,11.6,1
1,5.6,0.34,0.25,2.5,0.046,47.0,182.0,0.99093,3.21,0.4,11.3,2
1,5.1,0.3,0.3,2.3,0.048,40.0,150.0,0.98944,3.29,0.46,12.2,2
1,6.2,0.36,0.32,4.0,0.036000000000000004,44.0,92.0,0.98936,3.2,0.5,13.3,3
1,5.6,0.2,0.36,2.5,0.048,16.0,125.0,0.99282,3.49,0.49,10.0,2
1,6.2,0.53,0.02,0.9,0.035,6.0,81.0,0.99234,3.24,0.35,9.5,1
1,6.2,0.21,0.28,5.7,0.027999999999999997,45.0,121.0,0.9916799999999999,3.21,1.08,12.15,3
1,4.9,0.235,0.27,11.75,0.03,34.0,118.0,0.9954,3.07,0.5,9.4,2
0,8.5,0.28,0.56,1.8,0.092,35.0,103.0,0.9969,3.3,0.75,10.5,3
0,7.4,0.59,0.08,4.4,0.086,6.0,29.0,0.9974,3.38,0.5,9.0,1
0,7.9,0.43,0.21,1.6,0.106,10.0,37.0,0.9966,3.17,0.91,9.5,2
0,6.9,0.4,0.14,2.4,0.085,21.0,40.0,0.9968,3.43,0.63,9.7,2
0,5.7,1.13,0.09,1.5,0.172,7.0,19.0,0.9940000000000001,3.5,0.48,9.8,1
0,8.8,0.61,0.3,2.8,0.08800000000000001,17.0,46.0,0.9976,3.26,0.51,9.3,1
0,4.6,0.52,0.15,2.1,0.054000000000000006,8.0,65.0,0.9934,3.9,0.56,13.1,1
0,6.4,0.4,0.23,1.6,0.066,5.0,12.0,0.9958,3.34,0.56,9.2,2
0,8.8,0.4,0.4,2.2,0.079,19.0,52.0,0.998,3.44,0.64,9.2,2
0,7.5,0.52,0.16,1.9,0.085,12.0,35.0,0.9968,3.38,0.62,9.5,3
0,8.3,0.675,0.26,2.1,0.084,11.0,43.0,0.9976,3.31,0.53,9.2,1
0,8.3,0.625,0.2,1.5,0.08,27.0,119.0,0.9972,3.16,1.12,9.1,1
0,5.0,1.02,0.04,1.4,0.045,41.0,85.0,0.9938,3.75,0.48,10.5,1
0,8.2,1.33,0.0,1.7,0.081,3.0,12.0,0.9964,3.53,0.49,10.9,2
0,8.4,0.745,0.11,1.9,0.09,16.0,63.0,0.9965,3.19,0.82,9.6,2
0,9.2,0.52,1.0,3.4,0.61,32.0,69.0,0.9996,2.74,2.0,9.4,1
0,7.6,0.68,0.02,1.3,0.07200000000000001,9.0,20.0,0.9965,3.17,1.08,9.2,1
0,7.8,0.53,0.04,1.7,0.076,17.0,31.0,0.9964,3.33,0.56,10.0,2
0,7.3,0.55,0.03,1.6,0.07200000000000001,17.0,42.0,0.9956,3.37,0.48,9.0,1
0,7.9,0.885,0.03,1.8,0.057999999999999996,4.0,8.0,0.9972,3.36,0.33,9.1,1
0,7.7,0.705,0.1,2.6,0.084,9.0,26.0,0.9976,3.39,0.49,9.7,2
0,5.4,0.835,0.08,1.2,0.046,13.0,93.0,0.9924,3.57,0.85,13.0,3
0,6.9,1.09,0.06,2.1,0.061,12.0,31.0,0.9948,3.51,0.43,11.4,1
0,9.6,0.32,0.47,1.4,0.055999999999999994,9.0,24.0,0.99695,3.22,0.82,10.3,3
0,8.4,0.635,0.36,2.0,0.08900000000000001,15.0,55.0,0.99745,3.31,0.57,10.4,1
0,8.9,0.635,0.37,1.7,0.263,5.0,62.0,0.9971,3.0,1.09,9.3,2
0,7.1,0.68,0.07,1.9,0.075,16.0,51.0,0.99685,3.38,0.52,9.5,2
0,7.0,0.975,0.04,2.0,0.087,12.0,67.0,0.99565,3.35,0.6,9.4,1
0,8.1,0.87,0.0,3.3,0.096,26.0,61.0,1.00025,3.6,0.72,9.8,1
0,7.9,0.35,0.46,3.6,0.078,15.0,37.0,0.9973,3.35,0.86,12.8,4
0,10.3,0.32,0.45,6.4,0.073,5.0,13.0,0.9976,3.23,0.82,12.6,4
0,8.7,0.52,0.09,2.5,0.091,20.0,49.0,0.9976,3.34,0.86,10.6,3
0,7.1,0.35,0.29,2.5,0.096,20.0,53.0,0.9962,3.42,0.65,11.0,2
0,9.8,0.66,0.39,3.2,0.083,21.0,59.0,0.9989,3.37,0.71,11.5,3
0,11.9,0.695,0.53,3.4,0.128,7.0,21.0,0.9992,3.17,0.84,12.2,3
0,11.9,0.57,0.5,2.6,0.08199999999999999,6.0,32.0,1.0006,3.12,0.78,10.7,2
0,6.6,0.815,0.02,2.7,0.07200000000000001,17.0,34.0,0.9955,3.58,0.89,12.3,3
0,10.5,0.42,0.66,2.95,0.11599999999999999,12.0,29.0,0.997,3.24,0.75,11.7,3
0,8.2,0.7,0.23,2.0,0.099,14.0,81.0,0.9973,3.19,0.7,9.4,2
0,9.6,0.38,0.31,2.5,0.096,16.0,49.0,0.9982,3.19,0.7,10.0,3
0,5.6,0.85,0.05,1.4,0.045,12.0,88.0,0.9924,3.56,0.82,12.9,4
0,7.7,0.26,0.3,1.7,0.059000000000000004,20.0,38.0,0.9949,3.29,0.47,10.8,2
0,12.0,0.39,0.66,3.0,0.09300000000000001,12.0,30.0,0.9996,3.18,0.63,10.8,3
0,12.5,0.46,0.49,4.5,0.07,26.0,49.0,0.9981,3.05,0.57,9.6,1
0,8.8,0.52,0.34,2.7,0.087,24.0,122.0,0.9982,3.26,0.61,9.5,2
0,9.5,0.56,0.33,2.4,0.08900000000000001,35.0,67.0,0.9972,3.28,0.73,11.8,3
0,12.6,0.31,0.72,2.2,0.07200000000000001,6.0,29.0,0.9987,2.88,0.82,9.8,4
0,15.6,0.685,0.76,3.7,0.1,6.0,43.0,1.0032,2.95,0.68,11.2,3
0,10.0,0.44,0.49,2.7,0.077,11.0,19.0,0.9963,3.23,0.63,11.6,3
0,10.4,0.33,0.63,2.8,0.084,5.0,22.0,0.9998,3.26,0.74,11.2,3
0,7.0,0.23,0.4,1.6,0.063,21.0,67.0,0.9952,3.5,0.63,11.1,2
0,11.3,0.62,0.67,5.2,0.086,6.0,19.0,0.9988,3.22,0.69,13.4,4
0,11.6,0.58,0.66,2.2,0.07400000000000001,10.0,47.0,1.0008,3.25,0.57,9.0,1
0,9.2,0.43,0.52,2.3,0.083,14.0,23.0,0.9976,3.35,0.61,11.3,2
0,11.4,0.36,0.69,2.1,0.09,6.0,21.0,1.0,3.17,0.62,9.2,2
0,12.5,0.37,0.55,2.6,0.083,25.0,68.0,0.9995,3.15,0.82,10.4,2
0,9.3,0.27,0.41,2.0,0.091,6.0,16.0,0.998,3.28,0.7,9.7,2
0,9.4,0.3,0.56,2.8,0.08,6.0,17.0,0.9964,3.15,0.92,11.7,4
0,11.6,0.32,0.55,2.8,0.081,35.0,67.0,1.0002,3.32,0.92,10.8,3
0,10.7,0.35,0.53,2.6,0.07,5.0,16.0,0.9972,3.15,0.65,11.0,4
0,7.2,0.34,0.32,2.5,0.09,43.0,113.0,0.9966,3.32,0.79,11.1,2
0,10.4,0.61,0.49,2.1,0.2,5.0,16.0,0.9994,3.16,0.63,8.4,1
0,11.2,0.5,0.74,5.15,0.1,5.0,17.0,0.9996,3.22,0.62,11.2,2
0,11.2,0.66,0.24,2.5,0.085,16.0,53.0,0.9993,3.06,0.72,11.0,2
0,10.5,0.59,0.49,2.1,0.07,14.0,47.0,0.9991,3.3,0.56,9.6,1
0,9.9,0.5,0.24,2.3,0.10300000000000001,6.0,14.0,0.9978,3.34,0.52,10.0,1
0,5.0,0.42,0.24,2.0,0.06,19.0,50.0,0.9917,3.72,0.74,14.0,4
0,11.9,0.58,0.58,1.9,0.071,5.0,18.0,0.998,3.09,0.63,10.0,2
0,8.2,0.915,0.27,2.1,0.08800000000000001,7.0,23.0,0.9962,3.26,0.47,10.0,1
0,9.4,0.41,0.48,4.6,0.07200000000000001,10.0,20.0,0.9973,3.34,0.79,12.2,3
0,8.8,0.24,0.54,2.5,0.083,25.0,57.0,0.9983,3.39,0.54,9.2,2
0,10.1,0.935,0.22,3.4,0.105,11.0,86.0,1.001,3.43,0.64,11.3,1
0,7.7,0.915,0.12,2.2,0.14300000000000002,7.0,23.0,0.9964,3.35,0.65,10.2,3
0,8.3,0.845,0.01,2.2,0.07,5.0,14.0,0.9967,3.32,0.58,11.0,1
0,12.0,0.5,0.59,1.4,0.073,23.0,42.0,0.998,2.92,0.68,10.5,3
0,7.1,0.84,0.02,4.4,0.096,5.0,13.0,0.997,3.41,0.57,11.0,1
0,8.1,0.38,0.48,1.8,0.157,5.0,17.0,0.9976,3.3,1.05,9.4,2
0,7.4,1.185,0.0,4.25,0.09699999999999999,5.0,14.0,0.9966,3.63,0.54,10.7,1
0,7.0,0.65,0.02,2.1,0.066,8.0,25.0,0.9972,3.47,0.67,9.5,2
0,7.5,0.38,0.48,2.6,0.073,22.0,84.0,0.9972,3.32,0.7,9.6,1
0,9.1,0.765,0.04,1.6,0.078,4.0,14.0,0.998,3.29,0.54,9.7,1
0,8.7,0.69,0.0,3.2,0.084,13.0,33.0,0.9992,3.36,0.45,9.4,2
0,7.5,1.115,0.1,3.1,0.086,5.0,12.0,0.9958,3.54,0.6,11.2,1
0,9.0,0.66,0.17,3.0,0.077,5.0,13.0,0.9976,3.29,0.55,10.4,2
0,11.1,0.39,0.54,2.7,0.095,21.0,101.0,1.0001,3.13,0.51,9.5,2
0,8.3,0.65,0.1,2.9,0.08900000000000001,17.0,40.0,0.99803,3.29,0.55,9.5,2
0,8.8,0.7,0.0,1.7,0.069,8.0,19.0,0.9970100000000001,3.31,0.53,10.0,2
0,8.8,0.59,0.18,2.9,0.08900000000000001,12.0,74.0,0.9973799999999999,3.14,0.54,9.4,2
0,7.2,1.0,0.0,3.0,0.102,7.0,16.0,0.9958600000000001,3.43,0.46,10.0,2
0,10.0,0.56,0.24,2.2,0.079,19.0,58.0,0.9991,3.18,0.56,10.1,2
0,7.1,0.61,0.02,2.5,0.081,17.0,87.0,0.99745,3.48,0.6,9.7,2
0,8.4,0.25,0.39,2.0,0.040999999999999995,4.0,10.0,0.9938600000000001,3.27,0.71,12.5,3
0,7.3,0.49,0.1,2.6,0.068,4.0,14.0,0.9956200000000001,3.3,0.47,10.5,2
0,6.9,0.39,0.24,2.1,0.102,4.0,7.0,0.9946200000000001,3.44,0.58,11.4,1
0,7.5,0.27,0.34,2.3,0.05,4.0,8.0,0.9951,3.4,0.64,11.0,3
0,7.8,0.57,0.09,2.3,0.065,34.0,45.0,0.9941700000000001,3.46,0.74,12.7,4
0,7.5,0.685,0.07,2.5,0.057999999999999996,5.0,9.0,0.9963200000000001,3.38,0.55,10.9,1
0,10.4,0.44,0.42,1.5,0.145,34.0,48.0,0.9983200000000001,3.38,0.86,9.9,1
0,11.6,0.47,0.44,1.6,0.147,36.0,51.0,0.99836,3.38,0.86,9.9,1
0,6.7,0.28,0.28,2.4,0.012,36.0,100.0,0.99064,3.26,0.39,11.7,3
0,11.1,0.42,0.47,2.65,0.085,9.0,34.0,0.99736,3.24,0.77,12.1,3
0,8.0,0.42,0.32,2.5,0.08,26.0,122.0,0.9980100000000001,3.22,1.07,9.7,2
0,11.7,0.28,0.47,1.7,0.054000000000000006,17.0,32.0,0.9968600000000001,3.15,0.67,10.6,3
0,7.7,0.715,0.01,2.1,0.064,31.0,43.0,0.99371,3.41,0.57,11.8,2
0,7.3,0.35,0.24,2.0,0.067,28.0,48.0,0.9957600000000001,3.43,0.54,10.0,1
0,7.1,0.47,0.0,2.2,0.067,7.0,14.0,0.9951700000000001,3.4,0.58,10.9,1
0,8.3,1.02,0.02,3.4,0.084,6.0,11.0,0.99892,3.48,0.49,11.0,1
0,6.8,0.59,0.06,6.0,0.06,11.0,18.0,0.9962,3.41,0.59,10.8,3
0,6.1,0.56,0.0,2.2,0.079,6.0,9.0,0.9948,3.59,0.54,11.5,2
0,9.4,0.395,0.46,4.6,0.094,3.0,10.0,0.99639,3.27,0.64,12.2,3
0,8.6,0.22,0.36,1.9,0.064,53.0,77.0,0.9960399999999999,3.47,0.87,11.0,3
0,8.4,0.67,0.19,2.2,0.09300000000000001,11.0,75.0,0.99736,3.2,0.59,9.2,1
0,8.7,0.33,0.38,3.3,0.063,10.0,19.0,0.9946799999999999,3.3,0.73,12.0,3
0,12.0,0.63,0.5,1.4,0.071,6.0,26.0,0.9979100000000001,3.07,0.6,10.4,1
0,10.1,0.43,0.4,2.6,0.092,13.0,52.0,0.99834,3.22,0.64,10.0,3
0,8.3,0.3,0.49,3.8,0.09,11.0,24.0,0.99498,3.27,0.64,12.1,3
0,10.2,0.44,0.42,2.0,0.071,7.0,20.0,0.99566,3.14,0.79,11.1,3
0,10.2,0.44,0.58,4.1,0.092,11.0,24.0,0.99745,3.29,0.99,12.0,3
0,8.9,0.12,0.45,1.8,0.075,10.0,21.0,0.9955200000000001,3.41,0.76,11.9,3
0,6.4,0.57,0.12,2.3,0.12,25.0,36.0,0.99519,3.47,0.71,11.3,3
0,7.4,0.58,0.0,2.0,0.064,7.0,11.0,0.9956200000000001,3.45,0.58,11.3,2
0,9.7,0.295,0.4,1.5,0.073,14.0,21.0,0.99556,3.14,0.51,10.9,2
0,5.6,0.66,0.0,2.2,0.087,3.0,11.0,0.9937799999999999,3.71,0.63,12.8,3
0,7.5,0.43,0.3,2.2,0.062,6.0,12.0,0.99495,3.44,0.72,11.5,3
0,7.1,0.59,0.0,2.1,0.091,9.0,14.0,0.9948799999999999,3.42,0.55,11.5,3
0,7.3,0.55,0.01,1.8,0.09300000000000001,9.0,15.0,0.9951399999999999,3.35,0.58,11.0,3
0,10.1,0.37,0.34,2.4,0.085,5.0,17.0,0.9968299999999999,3.17,0.65,10.6,3
0,9.5,0.39,0.41,8.9,0.069,18.0,39.0,0.99859,3.29,0.81,10.9,3
0,8.3,0.33,0.42,2.3,0.07,9.0,20.0,0.99426,3.38,0.77,12.7,3
0,9.1,0.4,0.5,1.8,0.071,7.0,16.0,0.9946200000000001,3.21,0.69,12.5,4
0,11.1,0.31,0.53,2.2,0.06,3.0,10.0,0.99572,3.02,0.83,10.9,3
0,9.1,0.25,0.34,2.0,0.071,45.0,67.0,0.99769,3.44,0.86,10.2,3
0,8.6,0.37,0.65,6.4,0.08,3.0,8.0,0.9981700000000001,3.27,0.58,11.0,2
0,8.7,0.42,0.45,2.4,0.07200000000000001,32.0,59.0,0.9961700000000001,3.33,0.77,12.0,2
0,10.0,0.26,0.54,1.9,0.083,42.0,74.0,0.99451,2.98,0.63,11.8,4
0,9.2,0.31,0.36,2.2,0.079,11.0,31.0,0.99615,3.33,0.86,12.0,3
0,8.0,0.31,0.45,2.1,0.21600000000000003,5.0,16.0,0.9935799999999999,3.15,0.81,12.5,3
0,5.4,0.42,0.27,2.0,0.092,23.0,55.0,0.99471,3.78,0.64,12.3,3
0,7.9,0.54,0.34,2.5,0.076,8.0,17.0,0.99235,3.2,0.72,13.1,4
0,6.5,0.58,0.0,2.2,0.096,3.0,13.0,0.9955700000000001,3.62,0.62,11.5,1
0,6.3,0.76,0.0,2.9,0.07200000000000001,26.0,52.0,0.99379,3.51,0.6,11.5,2
0,10.5,0.43,0.35,3.3,0.092,24.0,70.0,0.99798,3.21,0.69,10.5,2
0,7.3,0.4,0.3,1.7,0.08,33.0,79.0,0.9969,3.41,0.65,9.5,2
0,10.0,0.41,0.45,6.2,0.071,6.0,14.0,0.99702,3.21,0.49,11.8,3
0,6.1,0.58,0.23,2.5,0.044000000000000004,16.0,70.0,0.9935200000000001,3.46,0.65,12.5,2
0,5.1,0.51,0.18,2.1,0.042,16.0,101.0,0.9924,3.46,0.87,12.9,3
0,9.9,0.54,0.26,2.0,0.111,7.0,60.0,0.9970899999999999,2.94,0.98,10.2,2
0,6.5,0.88,0.03,5.6,0.079,23.0,47.0,0.99572,3.58,0.5,11.2,1
0,7.0,0.43,0.3,2.0,0.085,6.0,39.0,0.99346,3.33,0.46,11.9,2
0,8.8,0.955,0.05,1.8,0.075,5.0,19.0,0.99616,3.3,0.44,9.6,1
0,7.2,0.25,0.37,2.5,0.063,11.0,41.0,0.99439,3.52,0.8,12.4,3
0,7.9,0.34,0.36,1.9,0.065,5.0,10.0,0.99419,3.27,0.54,11.2,3
0,8.6,0.42,0.39,1.8,0.068,6.0,12.0,0.99516,3.35,0.69,11.7,4
0,8.2,0.4,0.31,1.9,0.08199999999999999,8.0,24.0,0.996,3.24,0.69,10.6,2
0,7.5,0.58,0.03,4.1,0.08,27.0,46.0,0.99592,3.02,0.47,9.2,2
0,10.2,0.23,0.37,2.2,0.057,14.0,36.0,0.9961399999999999,3.23,0.49,9.3,1
0,6.0,0.33,0.32,12.9,0.054000000000000006,6.0,113.0,0.99572,3.3,0.56,11.5,1
0,8.1,0.73,0.0,2.5,0.081,12.0,24.0,0.99798,3.38,0.46,9.6,1
0,6.5,0.67,0.0,4.3,0.057,11.0,20.0,0.9948799999999999,3.45,0.56,11.8,1
0,7.1,0.72,0.0,1.8,0.12300000000000001,6.0,14.0,0.9962700000000001,3.45,0.58,9.8,2
0,6.3,1.02,0.0,2.0,0.083,17.0,24.0,0.9943700000000001,3.59,0.55,11.2,1
0,8.2,0.78,0.0,2.2,0.08900000000000001,13.0,26.0,0.9978,3.37,0.46,9.6,1
0,5.5,0.49,0.03,1.8,0.044000000000000004,28.0,87.0,0.9908,3.5,0.82,14.0,4
0,8.5,0.4,0.4,6.3,0.05,3.0,10.0,0.99566,3.28,0.56,12.0,1
0,7.0,0.69,0.0,1.9,0.114,3.0,10.0,0.99636,3.35,0.6,9.7,2
0,9.8,0.3,0.39,1.7,0.062,3.0,9.0,0.9948,3.14,0.57,11.5,3
0,7.5,0.755,0.0,1.9,0.084,6.0,12.0,0.99672,3.34,0.49,9.7,1
0,7.6,1.58,0.0,2.1,0.13699999999999998,5.0,9.0,0.9947600000000001,3.5,0.4,10.9,1
0,5.2,0.645,0.0,2.15,0.08,15.0,28.0,0.99444,3.78,0.61,12.5,2
0,6.8,0.68,0.09,3.9,0.068,15.0,29.0,0.99524,3.41,0.52,11.1,1
0,7.4,0.6,0.26,2.1,0.083,17.0,91.0,0.99616,3.29,0.56,9.8,2
0,6.9,0.57,0.0,2.8,0.081,21.0,41.0,0.99518,3.41,0.52,10.8,2
0,8.0,0.83,0.27,2.0,0.08,11.0,63.0,0.9965200000000001,3.29,0.48,9.8,1
0,6.6,0.61,0.0,1.6,0.069,4.0,8.0,0.9939600000000001,3.33,0.37,10.4,1
0,6.8,0.815,0.0,1.2,0.267,16.0,29.0,0.99471,3.32,0.51,9.8,1
0,7.2,0.45,0.15,2.0,0.078,10.0,28.0,0.9960899999999999,3.29,0.51,9.9,2
0,7.5,0.57,0.02,2.6,0.077,11.0,35.0,0.9955700000000001,3.36,0.62,10.8,2
0,7.4,0.64,0.07,1.8,0.1,8.0,23.0,0.9961,3.3,0.58,9.6,2
0,7.2,0.33,0.33,1.7,0.061,3.0,13.0,0.996,3.23,1.1,10.0,4
0,6.4,0.53,0.09,3.9,0.12300000000000001,14.0,31.0,0.9968,3.5,0.6586219602063383,11.0,1
0,6.1,0.4,0.16,1.8,0.069,11.0,25.0,0.9955,3.42,0.74,10.1,3
0,10.0,0.38,0.38,1.6,0.16899999999999998,27.0,90.0,0.9991399999999999,3.15,0.65,8.5,2
0,7.2,0.38,0.31,2.0,0.055999999999999994,15.0,29.0,0.99472,3.23,0.76,11.3,4
0,7.8,0.32,0.44,2.7,0.10400000000000001,8.0,17.0,0.9973200000000001,3.33,0.78,11.0,3
0,6.2,0.785,0.0,2.1,0.06,6.0,13.0,0.99664,3.59,0.61,10.0,1
0,7.3,0.48,0.32,2.1,0.062,31.0,54.0,0.9972799999999999,3.3,0.65,10.0,3
0,6.7,1.04,0.08,2.3,0.067,19.0,32.0,0.9964799999999999,3.52,0.57,11.0,1
0,7.3,0.98,0.05,2.1,0.061,20.0,49.0,0.99705,3.31,0.55,9.7,1
0,5.3,0.47,0.11,2.2,0.048,16.0,89.0,0.99182,3.54,0.88,13.6,3
0,7.1,0.875,0.05,5.7,0.08199999999999999,3.0,14.0,0.99808,3.4,0.52,10.2,1
0,5.6,0.62,0.03,1.5,0.08,6.0,13.0,0.99498,3.66,0.62,10.1,1
0,7.2,0.58,0.54,2.1,0.114,3.0,9.0,0.9971899999999999,3.33,0.57,10.3,1
0,8.1,0.33,0.44,1.5,0.042,6.0,12.0,0.9954200000000001,3.35,0.61,10.7,2
0,6.8,0.91,0.06,2.0,0.06,4.0,11.0,0.99592,3.53,0.64,10.9,1
0,6.0,0.64,0.05,1.9,0.066,9.0,17.0,0.9949600000000001,3.52,0.78,10.6,2
0,6.7,0.76,0.02,1.8,0.078,6.0,12.0,0.996,3.55,0.63,9.95,1
0,6.9,0.84,0.21,4.1,0.07400000000000001,16.0,65.0,0.9984200000000001,3.53,0.72,9.233333333,2
0,6.9,0.48,0.2,1.9,0.08199999999999999,9.0,23.0,0.99585,3.39,0.43,9.05,1
0,7.4,0.25,0.29,2.2,0.054000000000000006,19.0,49.0,0.99666,3.4,0.76,10.9,3
0,8.4,0.37,0.43,2.3,0.063,12.0,19.0,0.9955,3.17,0.81,11.2,3
0,6.5,0.63,0.33,1.8,0.059000000000000004,16.0,28.0,0.99531,3.36,0.64,10.1,2
0,7.4,0.36,0.3,1.8,0.07400000000000001,17.0,24.0,0.99419,3.24,0.7,11.4,4
0,7.0,0.56,0.13,1.6,0.077,25.0,42.0,0.99629,3.34,0.59,9.2,2
0,6.7,0.32,0.44,2.4,0.061,24.0,34.0,0.99484,3.29,0.8,11.6,3
0,7.5,0.31,0.41,2.4,0.065,34.0,60.0,0.99492,3.34,0.85,11.4,2
